,uin,lab_score,con_score,ld_score,total
0,CD:2001-07-04:10,1.0,1.0,1.0,1.0
1,CD:2001-07-04:8,0.9938461538461538,1.0,1.0,0.997948717948718
2,CD:2001-07-04:9,1.0,1.0,1.0,1.0
3,CD:2001-07-05:11,0.35064935064935066,0.6363636363636364,0.3333333333333333,0.4401154401154401
4,CD:2001-07-05:12,0.6036036036036037,0.8846153846153846,0.3939393939393939,0.6273861273861274
5,CD:2001-07-05:13,0.7682403433476395,0.8666666666666667,0.6551724137931034,0.7633598079358032
6,CD:2001-07-05:14,0.09523809523809523,0.825,0.1875,0.3692460317460317
7,CD:2001-07-05:15,0.9914893617021276,0.35135135135135137,1.0,0.7809469043511598
8,CD:2001-07-09:16,1.0,0.9333333333333333,0.92,0.9511111111111111
9,CD:2001-07-10:17,1.0,1.0,1.0,1.0
10,CD:2001-07-11:18,0.952054794520548,1.0,0.9565217391304348,0.9695255112169944
11,CD:2001-07-11:19,1.0,0.968503937007874,1.0,0.9895013123359581
12,CD:2001-07-11:20,1.0,0.968503937007874,1.0,0.9895013123359581
13,CD:2001-07-11:21,1.0,1.0,1.0,1.0
14,CD:2001-07-11:22,0.973421926910299,1.0,1.0,0.9911406423034329
15,CD:2001-07-12:23,1.0,1.0,0.9459459459459459,0.981981981981982
16,CD:2001-07-12:24,0.9926739926739927,1.0,0.9354838709677419,0.9760526212139116
17,CD:2001-07-16:25,0.738255033557047,1.0,0.45454545454545453,0.7309334960341672
18,CD:2001-07-16:26,0.31976744186046513,1.0,0.9534883720930233,0.7577519379844961
19,CD:2001-07-16:27,0.27218934911242604,1.0,0.9024390243902439,0.72487612450089
20,CD:2001-07-16:28,0.9862542955326461,0.5925925925925926,1.0,0.8596156293750795
21,CD:2001-07-17:29,0.9876160990712074,1.0,1.0,0.9958720330237357
22,CD:2001-07-18:30,0.9936305732484076,1.0,0.9534883720930233,0.982372981780477
23,CD:2001-07-18:31,0.9936507936507937,1.0,0.9534883720930233,0.9823797219146057
24,CD:2001-07-18:32,1.0,1.0,0.9574468085106383,0.9858156028368795
25,CD:2001-07-18:33,1.0,1.0,1.0,1.0
26,CD:2001-07-18:34,0.975609756097561,1.0,1.0,0.991869918699187
27,CD:2001-07-18:35,1.0,1.0,1.0,1.0
28,CD:2001-07-19:36,1.0,1.0,0.9444444444444444,0.9814814814814815
29,CD:2001-07-19:37,0.8244274809160306,0.5111111111111111,0.034482758620689655,0.4566737835492771
30,CD:2001-10-17:38,0.9880952380952381,1.0,1.0,0.996031746031746
31,CD:2001-10-23:39,0.9824046920821115,1.0,1.0,0.9941348973607038
32,CD:2001-10-23:40,0.9941176470588236,1.0,0.9523809523809523,0.9821661998132587
33,CD:2001-10-24:41,0.8561151079136691,0.8181818181818182,1.0,0.8914323086984958
34,CD:2001-10-24:42,1.0,1.0,1.0,1.0
35,CD:2001-10-25:43,0.9933554817275747,0.0,1.0,0.6644518272425249
36,CD:2001-10-25:44,0.9665551839464883,1.0,1.0,0.9888517279821628
37,CD:2001-10-29:45,0.9932659932659933,1.0,1.0,0.9977553310886643
38,CD:2001-10-30:46,1.0,1.0,1.0,1.0
39,CD:2001-10-31:47,0.9922779922779923,1.0,0.9354838709677419,0.9759206210819115
40,CD:2001-11-01:48,0.947565543071161,1.0,1.0,0.982521847690387
41,CD:2001-11-06:49,0.9935275080906149,1.0,1.0,0.9978425026968716
42,CD:2001-11-06:50,0.9934426229508196,1.0,1.0,0.9978142076502733
43,CD:2001-11-08:51,1.0,1.0,1.0,1.0
44,CD:2001-11-08:52,1.0,1.0,1.0,1.0
45,CD:2001-11-12:53,1.0,1.0,1.0,1.0
46,CD:2001-11-12:54,1.0,1.0,1.0,1.0
47,CD:2001-11-12:55,1.0,1.0,1.0,1.0
48,CD:2001-11-12:56,1.0,1.0,1.0,1.0
49,CD:2001-11-13:57,0.9941002949852508,1.0,1.0,0.9980334316617503
50,CD:2001-11-13:58,0.9940119760479041,1.0,1.0,0.9980039920159681
51,CD:2001-11-13:59,0.9937106918238994,1.0,1.0,0.9979035639412999
52,CD:2001-11-13:60,0.9936305732484076,1.0,1.0,0.9978768577494691
53,CD:2001-11-14:61,1.0,1.0,1.0,1.0
54,CD:2001-11-14:62,1.0,1.0,1.0,1.0
55,CD:2001-11-14:63,1.0,0.0,1.0,0.6666666666666666
56,CD:2001-11-15:64,0.4444444444444444,1.0,0.8,0.7481481481481481
57,CD:2001-11-19:65,0.9873417721518988,0.9851851851851852,1.0,0.9908423191123613
58,CD:2001-11-19:66,0.9440993788819876,0.7777777777777778,1.0,0.9072923855532551
59,CD:2001-11-20:67,0.9935275080906149,1.0,0.9565217391304348,0.9833497490736832
60,CD:2001-11-20:68,0.9935064935064936,1.0,0.9574468085106383,0.9836511006723773
61,CD:2001-11-20:69,0.9933993399339934,1.0,1.0,0.9977997799779978
62,CD:2001-11-21:70,0.9101796407185628,0.2,1.0,0.7033932135728543
63,CD:2001-11-21:71,0.9072463768115943,1.0,1.0,0.9690821256038648
64,CD:2001-11-21:72,0.9492957746478873,1.0,1.0,0.9830985915492958
65,CD:2001-11-21:73,1.0,1.0,1.0,1.0
66,CD:2001-11-21:74,0.9943977591036415,1.0,1.0,0.9981325863678805
67,CD:2001-11-21:75,0.9369627507163324,1.0,1.0,0.9789875835721108
68,CD:2001-11-21:76,0.9421965317919075,1.0,1.0,0.9807321772639691
69,CD:2001-11-21:77,0.8213256484149856,1.0,1.0,0.9404418828049952
70,CD:2001-11-21:78,0.9369627507163324,1.0,1.0,0.9789875835721108
71,CD:2001-11-21:79,0.9594202898550724,1.0,1.0,0.9864734299516909
72,CD:2001-11-26:80,0.8705882352941177,1.0,0.9555555555555556,0.9420479302832244
73,CD:2001-11-26:81,0.9878048780487805,1.0,1.0,0.9959349593495935
74,CD:2001-11-26:82,0.9877675840978594,1.0,1.0,0.9959225280326197
75,CD:2001-11-26:83,0.9646017699115044,1.0,1.0,0.9882005899705014
76,CD:2001-11-26:84,0.9880952380952381,1.0,1.0,0.996031746031746
77,CD:2001-11-26:85,0.9345238095238095,1.0,1.0,0.9781746031746031
78,CD:2001-11-26:86,0.9041916167664671,1.0,1.0,0.9680638722554891
79,CD:2001-11-27:87,1.0,1.0,1.0,1.0
80,CD:2001-11-27:88,1.0,1.0,1.0,1.0
81,CD:2001-11-27:89,1.0,1.0,1.0,1.0
82,CD:2001-11-28:90,0.993103448275862,1.0,0.9459459459459459,0.9796831314072693
83,CD:2001-11-28:91,0.9930313588850174,1.0,0.9459459459459459,0.9796591016103212
84,CD:2001-11-28:92,0.9930795847750865,1.0,1.0,0.9976931949250288
85,CD:2001-11-29:93,0.9764705882352941,1.0,1.0,0.9921568627450981
86,CD:2001-11-29:94,0.9834710743801653,0.3114754098360656,0.47368421052631576,0.5895435649141822
87,CD:2001-12-03:95,0.9927797833935018,1.0,1.0,0.9975932611311672
88,CD:2001-12-03:96,0.9923371647509579,1.0,1.0,0.9974457215836526
89,CD:2001-12-03:97,0.9931740614334471,1.0,0.9487179487179487,0.9806306700504651
90,CD:2001-12-03:98,0.9930795847750865,1.0,1.0,0.9976931949250288
91,CD:2001-12-04:100,0.9936708860759493,1.0,0.9574468085106383,0.9837058981955292
92,CD:2001-12-04:101,0.993421052631579,1.0,1.0,0.9978070175438596
93,CD:2001-12-04:102,0.9933110367892977,1.0,1.0,0.9977703455964325
94,CD:2001-12-04:99,0.9937106918238994,1.0,0.9565217391304348,0.9834108103181114
95,CD:2001-12-05:103,0.9928825622775801,1.0,1.0,0.9976275207591933
96,CD:2001-12-10:104,0.9935691318327974,1.0,0.8947368421052632,0.9627686579793536
97,CD:2001-12-12:105,0.975,1.0,1.0,0.9916666666666667
98,CD:2001-12-12:106,0.9753846153846154,1.0,1.0,0.9917948717948718
99,CD:2001-12-12:107,0.9263803680981595,1.0,1.0,0.9754601226993865
100,CD:2001-12-12:108,0.8697068403908795,1.0,1.0,0.9565689467969598
101,CD:2001-12-12:109,0.8368580060422961,1.0,1.0,0.9456193353474319
102,CD:2001-12-12:110,0.9692307692307692,1.0,1.0,0.9897435897435898
103,CD:2001-12-13:111,0.9936507936507937,1.0,1.0,0.9978835978835979
104,CD:2001-12-13:112,0.9938080495356038,1.0,1.0,0.9979360165118679
105,CD:2001-12-13:113,0.9939024390243902,1.0,1.0,0.9979674796747968
106,CD:2001-12-13:114,0.9693251533742331,0.0,1.0,0.656441717791411
107,CD:2001-12-17:115,1.0,1.0,1.0,1.0
108,CD:2001-12-17:116,1.0,1.0,1.0,1.0
109,CD:2001-12-18:117,1.0,1.0,0.8181818181818182,0.9393939393939394
110,CD:2001-12-18:118,0.9749216300940439,1.0,0.875,0.9499738766980146
111,CD:2001-12-18:119,0.9936305732484076,1.0,0.7575757575757576,0.9170687769413884
112,CD:2001-12-18:120,0.967948717948718,1.0,0.8666666666666667,0.944871794871795
113,CD:2001-12-18:121,0.9281045751633987,1.0,0.09090909090909091,0.6730045553574966
114,CD:2001-12-19:122,1.0,1.0,0.9444444444444444,0.9814814814814815
115,CD:2002-01-08:123,1.0,1.0,1.0,1.0
116,CD:2002-01-09:124,1.0,1.0,1.0,1.0
117,CD:2002-01-09:125,1.0,1.0,1.0,1.0
118,CD:2002-01-09:126,1.0,0.0,1.0,0.6666666666666666
119,CD:2002-01-11:127,0.8518518518518519,1.0,1.0,0.9506172839506174
120,CD:2002-01-11:128,0.8620689655172413,1.0,1.0,0.9540229885057471
121,CD:2002-01-14:129,1.0,1.0,1.0,1.0
122,CD:2002-01-15:130,0.99375,1.0,1.0,0.9979166666666667
123,CD:2002-01-15:131,0.8476190476190476,1.0,1.0,0.9492063492063493
124,CD:2002-01-15:132,1.0,0.0,1.0,0.6666666666666666
125,CD:2002-01-15:133,0.9876160990712074,1.0,1.0,0.9958720330237357
126,CD:2002-01-16:134,0.9940828402366864,1.0,1.0,0.9980276134122287
127,CD:2002-01-16:135,1.0,0.0,1.0,0.6666666666666666
128,CD:2002-01-16:136,1.0,1.0,1.0,1.0
129,CD:2002-01-21:137,1.0,1.0,1.0,1.0
130,CD:2002-01-21:138,1.0,1.0,1.0,1.0
131,CD:2002-01-22:139,1.0,1.0,1.0,1.0
132,CD:2002-01-22:140,1.0,1.0,1.0,1.0
133,CD:2002-01-23:141,0.0851063829787234,0.25,0.8333333333333334,0.3894799054373523
134,CD:2002-01-28:142,0.9921568627450981,1.0,1.0,0.9973856209150327
135,CD:2002-01-28:143,0.9922779922779923,1.0,1.0,0.9974259974259975
136,CD:2002-01-28:144,0.9923076923076923,1.0,1.0,0.9974358974358974
137,CD:2002-01-28:145,0.4605263157894737,1.0,0.38461538461538464,0.615047233468286
138,CD:2002-01-28:146,0.47368421052631576,1.0,0.2,0.5578947368421052
139,CD:2002-01-29:147,0.9935897435897436,1.0,1.0,0.9978632478632479
140,CD:2002-01-29:148,0.9935064935064936,1.0,1.0,0.9978354978354979
141,CD:2002-01-30:149,1.0,1.0,1.0,1.0
142,CD:2002-01-31:150,1.0,1.0,1.0,1.0
143,CD:2002-02-04:151,0.9930795847750865,1.0,1.0,0.9976931949250288
144,CD:2002-02-04:152,0.9931972789115646,1.0,1.0,0.9977324263038548
145,CD:2002-02-04:153,0.9930555555555556,1.0,1.0,0.9976851851851851
146,CD:2002-02-05:154,0.9935897435897436,1.0,1.0,0.9978632478632479
147,CD:2002-02-05:155,0.9935275080906149,1.0,1.0,0.9978425026968716
148,CD:2002-02-05:156,0.9935275080906149,1.0,1.0,0.9978425026968716
149,CD:2002-02-06:157,0.7068403908794788,1.0,0.8918918918918919,0.8662440942571236
150,CD:2002-02-06:158,0.7377049180327869,0.9850746268656716,0.9,0.8742598482994861
151,CD:2002-02-06:159,0.8779661016949153,1.0,1.0,0.9593220338983052
152,CD:2002-02-06:160,1.0,1.0,1.0,1.0
153,CD:2002-02-06:161,1.0,1.0,1.0,1.0
154,CD:2002-02-06:162,1.0,1.0,1.0,1.0
155,CD:2002-02-07:163,1.0,1.0,1.0,1.0
156,CD:2002-02-07:164,1.0,1.0,1.0,1.0
157,CD:2002-02-07:165,0.9923076923076923,1.0,1.0,0.9974358974358974
158,CD:2002-02-12:166,0.9932659932659933,1.0,1.0,0.9977553310886643
159,CD:2002-02-12:167,0.9933554817275747,1.0,1.0,0.9977851605758582
160,CD:2002-02-25:168,1.0,1.0,1.0,1.0
161,CD:2002-02-26:169,0.9925925925925926,1.0,1.0,0.9975308641975308
162,CD:2002-02-26:170,0.9922480620155039,1.0,1.0,0.9974160206718347
163,CD:2002-02-26:171,0.9924812030075187,1.0,1.0,0.9974937343358397
164,CD:2002-02-27:172,0.9932203389830508,1.0,1.0,0.9977401129943503
165,CD:2002-02-27:173,0.992619926199262,1.0,1.0,0.997539975399754
166,CD:2002-02-27:174,0.9923076923076923,1.0,1.0,0.9974358974358974
167,CD:2002-03-04:175,0.9925650557620818,1.0,1.0,0.9975216852540273
168,CD:2002-03-04:176,0.9928057553956835,1.0,1.0,0.9976019184652278
169,CD:2002-03-04:177,0.9929078014184397,1.0,1.0,0.9976359338061466
170,CD:2002-03-04:178,0.9859154929577465,1.0,1.0,0.9953051643192489
171,CD:2002-03-04:179,1.0,1.0,1.0,1.0
172,CD:2002-03-05:180,0.9936305732484076,1.0,1.0,0.9978768577494691
173,CD:2002-03-05:181,1.0,1.0,1.0,1.0
174,CD:2002-03-05:182,1.0,0.0,1.0,0.6666666666666666
175,CD:2002-03-05:183,1.0,0.0,1.0,0.6666666666666666
176,CD:2002-03-06:184,1.0,1.0,1.0,1.0
177,CD:2002-03-06:185,0.9926470588235294,1.0,1.0,0.9975490196078431
178,CD:2002-03-06:186,1.0,1.0,1.0,1.0
179,CD:2002-03-11:187,1.0,1.0,1.0,1.0
180,CD:2002-03-11:188,0.9926470588235294,1.0,1.0,0.9975490196078431
181,CD:2002-03-11:189,0.9927536231884058,1.0,1.0,0.9975845410628019
182,CD:2002-03-11:190,0.9930795847750865,1.0,1.0,0.9976931949250288
183,CD:2002-03-12:191,0.9935064935064936,1.0,1.0,0.9978354978354979
184,CD:2002-03-12:192,0.9933993399339934,1.0,1.0,0.9977997799779978
185,CD:2002-03-13:193,0.993127147766323,1.0,1.0,0.997709049255441
186,CD:2002-03-13:194,0.9928825622775801,1.0,1.0,0.9976275207591933
187,CD:2002-03-13:195,0.9293286219081273,0.0,1.0,0.6431095406360424
188,CD:2002-03-13:196,0.9928825622775801,1.0,1.0,0.9976275207591933
189,CD:2002-03-18:197,0.9943019943019943,0.9,0.5348837209302325,0.8097285717440755
190,CD:2002-03-18:198,0.9312320916905444,0.9375,0.19047619047619047,0.686402760722245
191,CD:2002-03-18:199,0.9661016949152542,0.9047619047619048,0.3,0.7236211998923863
192,CD:2002-03-19:200,0.9936305732484076,1.0,1.0,0.9978768577494691
193,CD:2002-03-19:201,0.9934640522875817,1.0,1.0,0.9978213507625272
194,CD:2002-03-25:202,0.9865771812080537,1.0,1.0,0.9955257270693512
195,CD:2002-03-25:203,0.9933333333333333,1.0,1.0,0.9977777777777778
196,CD:2002-04-10:204,0.9935064935064936,1.0,1.0,0.9978354978354979
197,CD:2002-04-12:205,1.0,0.9649122807017544,1.0,0.9883040935672515
198,CD:2002-04-12:206,1.0,1.0,1.0,1.0
199,CD:2002-04-15:207,1.0,1.0,1.0,1.0
200,CD:2002-04-15:208,0.6528925619834711,1.0,0.5,0.7176308539944903
201,CD:2002-04-15:209,0.6818181818181818,1.0,0.5714285714285714,0.7510822510822509
202,CD:2002-04-15:210,0.7237569060773481,1.0,0.3333333333333333,0.6856967464702272
203,CD:2002-04-16:211,1.0,1.0,1.0,1.0
204,CD:2002-04-19:212,1.0,1.0,1.0,1.0
205,CD:2002-04-23:213,0.9942028985507246,1.0,1.0,0.9980676328502415
206,CD:2002-04-23:214,0.9940476190476191,1.0,1.0,0.998015873015873
207,CD:2002-04-23:215,1.0,0.0,1.0,0.6666666666666666
208,CD:2002-04-23:216,0.9938837920489296,1.0,1.0,0.9979612640163099
209,CD:2002-04-23:217,0.9936708860759493,1.0,1.0,0.9978902953586498
210,CD:2002-04-23:218,1.0,1.0,1.0,1.0
211,CD:2002-04-24:219,0.9929328621908127,1.0,1.0,0.9976442873969376
212,CD:2002-04-29:220,1.0,0.9841269841269841,1.0,0.9947089947089948
213,CD:2002-04-29:221,1.0,1.0,1.0,1.0
214,CD:2002-04-30:222,0.9935483870967742,1.0,1.0,0.9978494623655915
215,CD:2002-04-30:223,0.9935064935064936,1.0,1.0,0.9978354978354979
216,CD:2002-05-01:224,0.9926739926739927,1.0,1.0,0.9975579975579976
217,CD:2002-05-07:225,0.9938271604938271,1.0,1.0,0.9979423868312757
218,CD:2002-05-08:226,0.9936305732484076,1.0,1.0,0.9978768577494691
219,CD:2002-05-08:227,1.0,1.0,1.0,1.0
220,CD:2002-05-08:228,0.9921568627450981,1.0,1.0,0.9973856209150327
221,CD:2002-05-09:229,1.0,1.0,1.0,1.0
222,CD:2002-05-09:230,1.0,1.0,1.0,1.0
223,CD:2002-05-09:231,1.0,1.0,1.0,1.0
224,CD:2002-05-09:232,1.0,1.0,1.0,1.0
225,CD:2002-05-09:233,1.0,1.0,1.0,1.0
226,CD:2002-05-10:234,0.569620253164557,1.0,1.0,0.8565400843881856
227,CD:2002-05-13:235,0.9936305732484076,1.0,1.0,0.9978768577494691
228,CD:2002-05-14:236,0.9209486166007905,0.9433962264150944,0.9310344827586207,0.9317931085915019
229,CD:2002-05-14:237,0.043137254901960784,0.5769230769230769,1.0,0.5400201106083459
230,CD:2002-05-14:238,0.1210762331838565,0.5339805825242718,0.2857142857142857,0.3135903671408047
231,CD:2002-05-14:239,0.004608294930875576,0.5714285714285714,0.4666666666666667,0.34756784434203786
232,CD:2002-05-14:240,0.297029702970297,0.8526315789473684,1.0,0.7165537606392217
233,CD:2002-05-15:241,0.9868852459016394,1.0,1.0,0.9956284153005465
234,CD:2002-05-15:242,1.0,0.0,1.0,0.6666666666666666
235,CD:2002-05-16:243,1.0,1.0,1.0,1.0
236,CD:2002-05-16:244,0.8576779026217228,0.9279279279279279,0.8620689655172413,0.8825582653556306
237,CD:2002-05-16:245,1.0,1.0,0.8888888888888888,0.9629629629629629
238,CD:2002-05-20:246,0.7575757575757576,1.0,0.7714285714285715,0.8430014430014431
239,CD:2002-05-20:247,1.0,1.0,1.0,1.0
240,CD:2002-05-21:248,1.0,1.0,1.0,1.0
241,CD:2002-05-21:249,1.0,1.0,1.0,1.0
242,CD:2002-05-21:250,0.993485342019544,1.0,1.0,0.997828447339848
243,CD:2002-05-22:251,0.9937106918238994,1.0,1.0,0.9979035639412999
244,CD:2002-05-22:252,0.9933333333333333,1.0,1.0,0.9977777777777778
245,CD:2002-05-23:253,0.9908256880733946,1.0,1.0,0.9969418960244649
246,CD:2002-06-10:254,1.0,1.0,1.0,1.0
247,CD:2002-06-10:255,0.9925093632958801,1.0,1.0,0.9975031210986267
248,CD:2002-06-10:256,0.9930555555555556,1.0,1.0,0.9976851851851851
249,CD:2002-06-10:257,1.0,1.0,1.0,1.0
250,CD:2002-06-10:258,0.9930795847750865,1.0,1.0,0.9976931949250288
251,CD:2002-06-11:259,0.9938837920489296,1.0,1.0,0.9979612640163099
252,CD:2002-06-11:260,0.994269340974212,1.0,1.0,0.9980897803247374
253,CD:2002-06-11:261,1.0,1.0,1.0,1.0
254,CD:2002-06-11:262,1.0,1.0,1.0,1.0
255,CD:2002-06-11:263,1.0,1.0,1.0,1.0
256,CD:2002-06-11:264,0.9104477611940298,1.0,1.0,0.9701492537313433
257,CD:2002-06-11:265,0.8963414634146342,0.9047619047619048,1.0,0.933701122725513
258,CD:2002-06-11:266,0.9439252336448598,0.9473684210526315,1.0,0.9637645515658305
259,CD:2002-06-11:267,0.9875389408099688,0.8918918918918919,1.0,0.9598102775672869
260,CD:2002-06-12:268,0.9571865443425076,0.9841269841269841,1.0,0.9804378428231639
261,CD:2002-06-12:269,0.9876543209876543,1.0,1.0,0.9958847736625515
262,CD:2002-06-12:270,0.9933110367892977,0.0,1.0,0.6644370122630993
263,CD:2002-06-12:271,0.993006993006993,1.0,1.0,0.9976689976689976
264,CD:2002-06-12:272,0.9288025889967637,1.0,1.0,0.9762675296655878
265,CD:2002-06-13:273,0.8339622641509434,0.0,1.0,0.6113207547169811
266,CD:2002-06-13:274,1.0,1.0,1.0,1.0
267,CD:2002-06-17:275,0.9921875,1.0,1.0,0.9973958333333334
268,CD:2002-06-19:276,0.9935064935064936,1.0,1.0,0.9978354978354979
269,CD:2002-06-19:277,1.0,0.5238095238095238,1.0,0.8412698412698413
270,CD:2002-06-24:278,1.0,0.0,1.0,0.6666666666666666
271,CD:2002-06-24:279,0.993006993006993,1.0,0.0,0.6643356643356643
272,CD:2002-06-24:280,0.9929078014184397,1.0,1.0,0.9976359338061466
273,CD:2002-06-24:281,1.0,0.0,1.0,0.6666666666666666
274,CD:2002-06-25:282,0.9936305732484076,1.0,1.0,0.9978768577494691
275,CD:2002-06-25:283,0.9935275080906149,1.0,1.0,0.9978425026968716
276,CD:2002-06-26:284,0.9931972789115646,1.0,1.0,0.9977324263038548
277,CD:2002-06-27:285,0.9798994974874372,1.0,1.0,0.9932998324958123
278,CD:2002-07-02:286,0.9938650306748467,1.0,1.0,0.9979550102249489
279,CD:2002-07-02:287,0.9938080495356038,1.0,1.0,0.9979360165118679
280,CD:2002-07-03:288,0.9933554817275747,1.0,1.0,0.9977851605758582
281,CD:2002-07-03:289,0.9931972789115646,1.0,1.0,0.9977324263038548
282,CD:2002-07-03:290,0.9931972789115646,1.0,1.0,0.9977324263038548
283,CD:2002-07-04:291,1.0,1.0,1.0,1.0
284,CD:2002-07-04:292,1.0,1.0,1.0,1.0
285,CD:2002-07-04:293,1.0,1.0,1.0,1.0
286,CD:2002-07-04:294,1.0,1.0,1.0,1.0
287,CD:2002-07-04:295,1.0,1.0,1.0,1.0
288,CD:2002-07-04:296,1.0,1.0,1.0,1.0
289,CD:2002-07-08:297,1.0,1.0,1.0,1.0
290,CD:2002-07-08:298,1.0,1.0,1.0,1.0
291,CD:2002-07-09:299,0.7471264367816092,0.4,1.0,0.7157088122605364
292,CD:2002-07-09:300,0.6,0.25,1.0,0.6166666666666667
293,CD:2002-07-10:301,0.9934426229508196,1.0,1.0,0.9978142076502733
294,CD:2002-07-10:302,0.9934426229508196,1.0,1.0,0.9978142076502733
295,CD:2002-07-10:303,1.0,1.0,1.0,1.0
296,CD:2002-07-10:304,1.0,1.0,1.0,1.0
297,CD:2002-07-10:305,1.0,0.0,1.0,0.6666666666666666
298,CD:2002-07-10:306,1.0,1.0,1.0,1.0
299,CD:2002-07-15:307,0.9937106918238994,1.0,1.0,0.9979035639412999
300,CD:2002-07-15:308,0.9934426229508196,1.0,1.0,0.9978142076502733
301,CD:2002-07-15:309,0.9935691318327974,1.0,1.0,0.9978563772775991
302,CD:2002-07-15:310,0.9935691318327974,1.0,1.0,0.9978563772775991
303,CD:2002-07-17:311,0.9854545454545455,1.0,0.9534883720930233,0.9796476391825228
304,CD:2002-07-18:312,0.9921568627450981,1.0,1.0,0.9973856209150327
305,CD:2002-07-18:313,0.9919678714859438,1.0,1.0,0.9973226238286479
306,CD:2002-07-18:314,1.0,1.0,1.0,1.0
307,CD:2002-07-18:315,1.0,1.0,1.0,1.0
308,CD:2002-07-24:316,0.9357429718875502,1.0,0.9411764705882353,0.9589731474919286
309,CD:2002-07-24:317,0.9771863117870723,1.0,1.0,0.9923954372623575
310,CD:2002-07-24:318,0.992,1.0,1.0,0.9973333333333333
311,CD:2002-09-24:319,1.0,0.0,1.0,0.6666666666666666
312,CD:2002-10-15:320,1.0,1.0,1.0,1.0
313,CD:2002-10-16:321,0.9930555555555556,1.0,1.0,0.9976851851851851
314,CD:2002-10-16:322,0.9929328621908127,1.0,1.0,0.9976442873969376
315,CD:2002-10-16:323,0.992831541218638,1.0,1.0,0.997610513739546
316,CD:2002-10-21:324,0.9929328621908127,0.9829059829059829,1.0,0.9919462816989318
317,CD:2002-10-22:325,1.0,1.0,1.0,1.0
318,CD:2002-10-22:326,1.0,0.0,1.0,0.6666666666666666
319,CD:2002-10-22:327,1.0,0.0,1.0,0.6666666666666666
320,CD:2002-10-23:328,0.9939393939393939,1.0,1.0,0.9979797979797981
321,CD:2002-10-28:329,0.6533333333333333,0.8823529411764706,1.0,0.8452287581699346
322,CD:2002-10-28:330,1.0,1.0,0.84,0.9466666666666667
323,CD:2002-10-28:331,1.0,1.0,1.0,1.0
324,CD:2002-10-29:332,0.8816568047337278,0.7794117647058824,0.9565217391304348,0.8725301028566816
325,CD:2002-10-29:333,0.9588235294117647,0.36065573770491804,0.9183673469387755,0.7459488713518194
326,CD:2002-10-29:334,0.9363057324840764,0.09090909090909091,1.0,0.675738274464389
327,CD:2002-10-29:335,0.9567901234567902,0.7894736842105263,1.0,0.9154212692224388
328,CD:2002-10-29:336,0.7222222222222222,0.9859154929577465,1.0,0.9027125717266563
329,CD:2002-10-29:337,0.2958579881656805,0.6714285714285714,0.7142857142857143,0.5605240912933221
330,CD:2002-10-29:338,0.43283582089552236,0.6231884057971014,0.7083333333333334,0.588119186675319
331,CD:2002-10-29:339,0.2826747720364742,0.6642335766423357,0.46938775510204084,0.4720987012602836
332,CD:2002-10-29:340,0.9870550161812298,0.9090909090909091,0.8367346938775511,0.9109602063832299
333,CD:2002-10-29:341,0.9407407407407408,0.968503937007874,0.875,0.9280815592495383
334,CD:2002-10-29:342,0.9706959706959707,1.0,0.2916666666666667,0.7541208791208791
335,CD:2002-10-30:343,1.0,1.0,1.0,1.0
336,CD:2002-10-30:344,0.901060070671378,1.0,1.0,0.9670200235571261
337,CD:2002-11-04:345,0.869281045751634,0.8709677419354839,1.0,0.9134162625623726
338,CD:2002-11-05:346,0.9933554817275747,1.0,1.0,0.9977851605758582
339,CD:2002-11-05:347,0.7266666666666667,0.0,1.0,0.5755555555555555
340,CD:2002-11-05:348,0.9866666666666667,0.0,1.0,0.6622222222222223
341,CD:2002-11-05:349,0.9328859060402684,1.0,1.0,0.9776286353467561
342,CD:2002-11-05:350,0.972027972027972,1.0,1.0,0.9906759906759907
343,CD:2002-11-05:351,0.9463087248322147,1.0,1.0,0.982102908277405
344,CD:2002-11-05:352,0.9261744966442953,0.0,1.0,0.6420581655480985
345,CD:2002-11-05:353,1.0,0.0,0.0,0.3333333333333333
346,CD:2002-11-05:354,0.9863945578231292,1.0,1.0,0.9954648526077098
347,CD:2002-11-06:355,0.9935275080906149,1.0,1.0,0.9978425026968716
348,CD:2002-11-06:356,0.9929078014184397,1.0,1.0,0.9976359338061466
349,CD:2002-11-06:357,0.993103448275862,1.0,1.0,0.9977011494252874
350,CD:2002-11-06:358,0.9932432432432432,1.0,1.0,0.9977477477477477
351,CD:2002-11-06:359,0.9929824561403509,1.0,1.0,0.9976608187134502
352,CD:2002-11-07:360,1.0,1.0,1.0,1.0
353,CD:2002-11-07:361,1.0,1.0,1.0,1.0
354,CD:2002-11-19:1,0.99375,1.0,1.0,0.9979166666666667
355,CD:2002-11-20:2,0.9936305732484076,1.0,1.0,0.9978768577494691
356,CD:2002-11-20:3,1.0,0.0,1.0,0.6666666666666666
357,CD:2002-11-20:4,1.0,0.0,1.0,0.6666666666666666
358,CD:2002-11-21:5,1.0,0.0,1.0,0.6666666666666666
359,CD:2002-11-25:6,0.8235294117647058,1.0,1.0,0.9411764705882352
360,CD:2002-11-26:7,1.0,1.0,1.0,1.0
361,CD:2002-11-26:8,1.0,1.0,1.0,1.0
362,CD:2002-11-26:9,1.0,1.0,1.0,1.0
363,CD:2002-11-27:10,1.0,1.0,0.9230769230769231,0.9743589743589745
364,CD:2002-11-28:11,1.0,1.0,1.0,1.0
365,CD:2002-11-28:12,1.0,1.0,1.0,1.0
366,CD:2002-11-28:13,1.0,1.0,1.0,1.0
367,CD:2002-12-02:14,1.0,0.0,1.0,0.6666666666666666
368,CD:2002-12-03:15,1.0,1.0,1.0,1.0
369,CD:2002-12-03:16,1.0,1.0,1.0,1.0
370,CD:2002-12-04:17,0.9927272727272727,1.0,1.0,0.9975757575757576
371,CD:2002-12-04:18,1.0,0.9826086956521739,1.0,0.9942028985507246
372,CD:2002-12-04:19,0.9933554817275747,1.0,1.0,0.9977851605758582
373,CD:2002-12-04:20,1.0,1.0,1.0,1.0
374,CD:2002-12-09:21,0.99375,0.9846153846153847,1.0,0.9927884615384616
375,CD:2002-12-09:22,0.9937106918238994,1.0,1.0,0.9979035639412999
376,CD:2002-12-12:23,1.0,1.0,1.0,1.0
377,CD:2002-12-12:24,1.0,1.0,1.0,1.0
378,CD:2002-12-16:25,0.9937304075235109,0.9858156028368794,0.7872340425531915,0.9222600176378606
379,CD:2002-12-16:26,0.9938080495356038,0.9315068493150684,0.3333333333333333,0.7528827440613353
380,CD:2002-12-16:27,0.9813664596273292,0.9280575539568345,0.5813953488372093,0.8302731208071243
381,CD:2002-12-16:28,0.9934640522875817,1.0,0.022222222222222223,0.6718954248366013
382,CD:2002-12-16:29,0.9930555555555556,0.9560439560439561,0.8604651162790697,0.9365215426261937
383,CD:2002-12-17:30,1.0,1.0,1.0,1.0
384,CD:2002-12-17:31,1.0,1.0,1.0,1.0
385,CD:2002-12-17:32,1.0,1.0,1.0,1.0
386,CD:2002-12-17:33,1.0,1.0,1.0,1.0
387,CD:2002-12-18:34,0.9925650557620818,1.0,1.0,0.9975216852540273
388,CD:2002-12-18:35,0.9934426229508196,1.0,1.0,0.9978142076502733
389,CD:2002-12-18:36,1.0,1.0,1.0,1.0
390,CD:2002-12-18:37,0.9797979797979798,1.0,1.0,0.9932659932659932
391,CD:2003-01-07:38,1.0,1.0,1.0,1.0
392,CD:2003-01-07:39,1.0,1.0,1.0,1.0
393,CD:2003-01-07:40,1.0,1.0,1.0,1.0
394,CD:2003-01-07:41,1.0,1.0,1.0,1.0
395,CD:2003-01-08:42,1.0,1.0,1.0,1.0
396,CD:2003-01-08:43,1.0,1.0,1.0,1.0
397,CD:2003-01-09:44,1.0,1.0,1.0,1.0
398,CD:2003-01-09:45,1.0,1.0,1.0,1.0
399,CD:2003-01-13:46,1.0,1.0,1.0,1.0
400,CD:2003-01-13:47,1.0,1.0,1.0,1.0
401,CD:2003-01-13:48,1.0,1.0,1.0,1.0
402,CD:2003-01-14:49,1.0,1.0,1.0,1.0
403,CD:2003-01-15:50,0.9940119760479041,1.0,1.0,0.9980039920159681
404,CD:2003-01-15:51,0.9936908517350158,1.0,1.0,0.9978969505783386
405,CD:2003-01-15:52,0.9936908517350158,1.0,1.0,0.9978969505783386
406,CD:2003-01-15:53,1.0,1.0,1.0,1.0
407,CD:2003-01-15:54,0.9876160990712074,1.0,1.0,0.9958720330237357
408,CD:2003-01-16:55,0.9930555555555556,1.0,1.0,0.9976851851851851
409,CD:2003-01-20:56,0.9935897435897436,1.0,1.0,0.9978632478632479
410,CD:2003-01-20:57,0.993485342019544,1.0,1.0,0.997828447339848
411,CD:2003-01-20:58,0.9934640522875817,1.0,1.0,0.9978213507625272
412,CD:2003-01-22:59,1.0,1.0,1.0,1.0
413,CD:2003-01-23:60,1.0,1.0,1.0,1.0
414,CD:2003-01-23:61,1.0,1.0,1.0,1.0
415,CD:2003-01-23:62,1.0,1.0,1.0,1.0
416,CD:2003-01-23:63,1.0,1.0,1.0,1.0
417,CD:2003-01-23:64,1.0,1.0,1.0,1.0
418,CD:2003-01-23:65,1.0,1.0,1.0,1.0
419,CD:2003-01-27:66,0.9935483870967742,1.0,1.0,0.9978494623655915
420,CD:2003-01-27:67,0.9935275080906149,1.0,1.0,0.9978425026968716
421,CD:2003-01-28:68,1.0,1.0,1.0,1.0
422,CD:2003-01-28:69,0.9904306220095693,0.9245283018867925,1.0,0.9716529746321205
423,CD:2003-01-31:70,0.0,1.0,1.0,0.6666666666666666
424,CD:2003-02-03:71,0.993006993006993,1.0,1.0,0.9976689976689976
425,CD:2003-02-03:72,0.9930313588850174,1.0,1.0,0.9976771196283392
426,CD:2003-02-03:73,1.0,1.0,1.0,1.0
427,CD:2003-02-03:74,1.0,1.0,1.0,1.0
428,CD:2003-02-04:75,0.07647058823529412,0.9722222222222222,0.88,0.6428976034858388
429,CD:2003-02-04:76,0.014326647564469915,0.19718309859154928,0.8775510204081632,0.36302025552139416
430,CD:2003-02-04:77,0.11239193083573487,0.13432835820895522,0.7021276595744681,0.3162826495397194
431,CD:2003-02-04:78,0.12790697674418605,0.013888888888888888,0.8775510204081632,0.33978229534707943
432,CD:2003-02-04:79,0.13544668587896252,0.3194444444444444,0.75,0.40163037677446894
433,CD:2003-02-05:80,0.9941520467836257,1.0,1.0,0.9980506822612085
434,CD:2003-02-05:81,1.0,1.0,1.0,1.0
435,CD:2003-02-06:82,1.0,1.0,1.0,1.0
436,CD:2003-02-06:83,1.0,1.0,1.0,1.0
437,CD:2003-02-06:84,1.0,1.0,1.0,1.0
438,CD:2003-02-06:85,1.0,1.0,1.0,1.0
439,CD:2003-02-10:86,1.0,1.0,1.0,1.0
440,CD:2003-02-11:87,1.0,0.9642857142857143,1.0,0.9880952380952381
441,CD:2003-02-12:88,1.0,1.0,1.0,1.0
442,CD:2003-02-12:89,0.9934640522875817,1.0,1.0,0.9978213507625272
443,CD:2003-02-12:90,0.9922178988326849,1.0,1.0,0.9974059662775616
444,CD:2003-02-12:91,0.9920634920634921,1.0,1.0,0.9973544973544973
445,CD:2003-02-24:92,0.9931506849315068,1.0,1.0,0.997716894977169
446,CD:2003-02-25:93,0.9933333333333333,1.0,1.0,0.9977777777777778
447,CD:2003-02-25:94,0.9934426229508196,1.0,1.0,0.9978142076502733
448,CD:2003-02-25:95,0.9930795847750865,1.0,1.0,0.9976931949250288
449,CD:2003-02-26:96,0.35501355013550134,0.8115942028985508,1.0,0.722202584344684
450,CD:2003-02-26:97,0.6463414634146342,1.0,1.0,0.8821138211382115
451,CD:2003-03-04:100,0.993127147766323,1.0,1.0,0.997709049255441
452,CD:2003-03-04:98,0.9930555555555556,1.0,1.0,0.9976851851851851
453,CD:2003-03-04:99,1.0,1.0,1.0,1.0
454,CD:2003-03-05:101,0.9935691318327974,1.0,1.0,0.9978563772775991
455,CD:2003-03-05:102,0.9932659932659933,1.0,1.0,0.9977553310886643
456,CD:2003-03-05:103,1.0,0.0,1.0,0.6666666666666666
457,CD:2003-03-05:104,0.9851851851851852,1.0,1.0,0.9950617283950617
458,CD:2003-03-07:105,0.9310344827586207,1.0,1.0,0.9770114942528735
459,CD:2003-03-07:106,0.8571428571428571,1.0,1.0,0.9523809523809524
460,CD:2003-03-10:107,0.9931506849315068,1.0,1.0,0.997716894977169
461,CD:2003-03-10:108,0.9803921568627451,0.904,1.0,0.9614640522875817
462,CD:2003-03-10:109,0.9801980198019802,0.5384615384615384,1.0,0.8395531860878395
463,CD:2003-03-10:110,0.896551724137931,0.0,1.0,0.632183908045977
464,CD:2003-03-10:111,0.9933774834437086,1.0,1.0,0.9977924944812363
465,CD:2003-03-11:112,0.9603960396039604,1.0,1.0,0.9867986798679867
466,CD:2003-03-12:113,1.0,1.0,1.0,1.0
467,CD:2003-03-14:114,0.0,1.0,1.0,0.6666666666666666
468,CD:2003-03-17:115,1.0,1.0,1.0,1.0
469,CD:2003-03-17:116,0.9875,1.0,1.0,0.9958333333333332
470,CD:2003-03-18:117,0.2770448548812665,0.8133333333333334,1.0,0.6967927294048666
471,CD:2003-03-18:118,0.5029940119760479,0.9724137931034482,1.0,0.8251359350264987
472,CD:2003-03-19:119,1.0,1.0,1.0,1.0
473,CD:2003-03-19:120,0.9818731117824774,1.0,1.0,0.9939577039274924
474,CD:2003-03-19:121,0.9939759036144579,1.0,1.0,0.9979919678714859
475,CD:2003-03-19:122,0.9939024390243902,1.0,1.0,0.9979674796747968
476,CD:2003-03-19:123,0.9937888198757764,1.0,0.9523809523809523,0.982056590752243
477,CD:2003-03-19:124,0.9875389408099688,1.0,1.0,0.995846313603323
478,CD:2003-03-19:125,0.9936908517350158,1.0,0.9069767441860465,0.966889198640354
479,CD:2003-03-19:126,0.9937694704049844,1.0,1.0,0.9979231568016615
480,CD:2003-03-19:127,0.993485342019544,1.0,1.0,0.997828447339848
481,CD:2003-03-19:128,0.9936908517350158,1.0,1.0,0.9978969505783386
482,CD:2003-03-19:129,0.9936305732484076,1.0,1.0,0.9978768577494691
483,CD:2003-03-19:130,1.0,1.0,1.0,1.0
484,CD:2003-03-24:131,0.9933993399339934,1.0,1.0,0.9977997799779978
485,CD:2003-03-25:132,0.9931506849315068,1.0,1.0,0.997716894977169
486,CD:2003-03-25:133,0.9933110367892977,1.0,1.0,0.9977703455964325
487,CD:2003-03-25:134,0.9932432432432432,1.0,1.0,0.9977477477477477
488,CD:2003-03-25:135,0.9932432432432432,1.0,1.0,0.9977477477477477
489,CD:2003-03-25:136,0.9932659932659933,1.0,0.0,0.6644219977553311
490,CD:2003-03-26:137,1.0,1.0,1.0,1.0
491,CD:2003-03-26:138,1.0,0.0,1.0,0.6666666666666666
492,CD:2003-03-26:139,0.9935483870967742,1.0,1.0,0.9978494623655915
493,CD:2003-03-26:140,0.9935691318327974,1.0,1.0,0.9978563772775991
494,CD:2003-03-26:141,1.0,1.0,1.0,1.0
495,CD:2003-03-26:142,1.0,1.0,1.0,1.0
496,CD:2003-03-27:143,0.9916317991631799,1.0,1.0,0.99721059972106
497,CD:2003-03-27:144,0.991701244813278,1.0,1.0,0.9972337482710927
498,CD:2003-03-27:145,1.0,0.0,1.0,0.6666666666666666
499,CD:2003-03-27:146,1.0,0.0,1.0,0.6666666666666666
500,CD:2003-03-27:147,0.9911894273127754,1.0,1.0,0.9970631424375918
501,CD:2003-03-27:148,1.0,1.0,1.0,1.0
502,CD:2003-03-31:149,1.0,1.0,1.0,1.0
503,CD:2003-03-31:150,1.0,1.0,1.0,1.0
504,CD:2003-03-31:151,1.0,1.0,1.0,1.0
505,CD:2003-03-31:152,1.0,1.0,1.0,1.0
506,CD:2003-04-01:153,1.0,1.0,0.9487179487179487,0.982905982905983
507,CD:2003-04-02:154,1.0,1.0,1.0,1.0
508,CD:2003-04-02:155,0.993127147766323,1.0,1.0,0.997709049255441
509,CD:2003-04-02:156,0.9864864864864865,1.0,1.0,0.9954954954954954
510,CD:2003-04-02:157,0.9931972789115646,1.0,1.0,0.9977324263038548
511,CD:2003-04-02:158,0.9063545150501672,1.0,1.0,0.9687848383500558
512,CD:2003-04-02:159,0.8068965517241379,1.0,1.0,0.935632183908046
513,CD:2003-04-02:160,1.0,1.0,1.0,1.0
514,CD:2003-04-08:161,0.9938837920489296,1.0,1.0,0.9979612640163099
515,CD:2003-04-14:162,0.8383838383838383,0.6,0.15789473684210525,0.5320928584086478
516,CD:2003-04-14:163,0.99375,1.0,1.0,0.9979166666666667
517,CD:2003-04-14:164,0.9937106918238994,1.0,1.0,0.9979035639412999
518,CD:2003-04-14:165,0.9936305732484076,1.0,1.0,0.9978768577494691
519,CD:2003-04-14:166,0.9935483870967742,1.0,1.0,0.9978494623655915
520,CD:2003-04-14:167,0.9935275080906149,1.0,1.0,0.9978425026968716
521,CD:2003-04-14:168,0.9933333333333333,1.0,1.0,0.9977777777777778
522,CD:2003-04-14:169,1.0,0.0,1.0,0.6666666666666666
523,CD:2003-04-14:170,1.0,1.0,1.0,1.0
524,CD:2003-04-28:171,0.992,1.0,1.0,0.9973333333333333
525,CD:2003-04-28:172,0.9922779922779923,1.0,1.0,0.9974259974259975
526,CD:2003-04-29:173,0.9932432432432432,1.0,1.0,0.9977477477477477
527,CD:2003-04-29:174,0.9931972789115646,1.0,1.0,0.9977324263038548
528,CD:2003-05-06:175,0.9939393939393939,1.0,1.0,0.9979797979797981
529,CD:2003-05-06:176,0.9939024390243902,1.0,1.0,0.9979674796747968
530,CD:2003-05-07:177,0.6410256410256411,1.0,1.0,0.8803418803418803
531,CD:2003-05-07:178,0.8103975535168195,1.0,1.0,0.9367991845056065
532,CD:2003-05-07:179,0.9938271604938271,1.0,1.0,0.9979423868312757
533,CD:2003-05-08:180,0.8246753246753247,0.0,1.0,0.6082251082251082
534,CD:2003-05-08:181,0.9929577464788732,1.0,1.0,0.9976525821596244
535,CD:2003-05-12:182,0.9638989169675091,1.0,1.0,0.9879663056558363
536,CD:2003-05-12:183,0.9860627177700348,0.25,0.0,0.412020905923345
537,CD:2003-05-12:184,1.0,0.3333333333333333,0.0,0.4444444444444444
538,CD:2003-05-12:185,1.0,0.3333333333333333,0.0,0.4444444444444444
539,CD:2003-05-12:186,1.0,0.25,0.0,0.4166666666666667
540,CD:2003-05-12:187,1.0,0.25,0.0,0.4166666666666667
541,CD:2003-05-13:188,0.9917695473251029,1.0,1.0,0.9972565157750344
542,CD:2003-05-13:189,1.0,1.0,1.0,1.0
543,CD:2003-05-13:190,1.0,1.0,1.0,1.0
544,CD:2003-05-13:191,1.0,1.0,1.0,1.0
545,CD:2003-05-13:192,1.0,1.0,1.0,1.0
546,CD:2003-05-13:193,1.0,1.0,1.0,1.0
547,CD:2003-05-13:194,1.0,1.0,1.0,1.0
548,CD:2003-05-13:195,1.0,1.0,1.0,1.0
549,CD:2003-05-14:196,1.0,1.0,1.0,1.0
550,CD:2003-05-14:197,0.9928571428571429,1.0,1.0,0.9976190476190476
551,CD:2003-05-14:198,1.0,1.0,1.0,1.0
552,CD:2003-05-14:199,1.0,1.0,1.0,1.0
553,CD:2003-05-15:200,0.9924528301886792,1.0,1.0,0.9974842767295597
554,CD:2003-05-15:201,1.0,1.0,1.0,1.0
555,CD:2003-05-19:202,0.9858657243816255,1.0,1.0,0.9952885747938751
556,CD:2003-05-19:203,1.0,1.0,1.0,1.0
557,CD:2003-05-19:204,0.9937694704049844,1.0,1.0,0.9979231568016615
558,CD:2003-05-19:205,0.793939393939394,1.0,1.0,0.9313131313131313
559,CD:2003-05-19:206,0.7951807228915663,1.0,1.0,0.9317269076305221
560,CD:2003-05-19:207,0.9518072289156626,1.0,1.0,0.9839357429718875
561,CD:2003-05-20:208,0.9874213836477987,1.0,1.0,0.9958071278825996
562,CD:2003-05-20:209,1.0,0.0,1.0,0.6666666666666666
563,CD:2003-05-20:210,0.9937304075235109,1.0,1.0,0.9979101358411704
564,CD:2003-05-20:211,0.979381443298969,1.0,1.0,0.993127147766323
565,CD:2003-05-21:212,1.0,1.0,1.0,1.0
566,CD:2003-06-03:213,1.0,1.0,1.0,1.0
567,CD:2003-06-03:214,0.993103448275862,1.0,1.0,0.9977011494252874
568,CD:2003-06-03:215,0.9929078014184397,1.0,1.0,0.9976359338061466
569,CD:2003-06-03:216,0.8125,1.0,1.0,0.9375
570,CD:2003-06-04:217,0.92,0.9850746268656716,1.0,0.968358208955224
571,CD:2003-06-04:218,0.9935897435897436,1.0,1.0,0.9978632478632479
572,CD:2003-06-04:219,0.993421052631579,1.0,1.0,0.9978070175438596
573,CD:2003-06-09:220,0.8705035971223022,1.0,1.0,0.9568345323741007
574,CD:2003-06-10:221,1.0,1.0,1.0,1.0
575,CD:2003-06-10:222,0.9929824561403509,1.0,1.0,0.9976608187134502
576,CD:2003-06-10:223,0.9928825622775801,1.0,1.0,0.9976275207591933
577,CD:2003-06-10:224,0.8888888888888888,1.0,1.0,0.9629629629629629
578,CD:2003-06-10:225,0.8705035971223022,1.0,1.0,0.9568345323741007
579,CD:2003-06-11:226,0.986159169550173,1.0,0.0,0.6620530565167243
580,CD:2003-06-11:227,1.0,1.0,1.0,1.0
581,CD:2003-06-11:228,1.0,1.0,1.0,1.0
582,CD:2003-06-11:229,1.0,1.0,1.0,1.0
583,CD:2003-06-13:230,1.0,0.07692307692307693,1.0,0.6923076923076922
584,CD:2003-06-13:231,1.0,0.5,1.0,0.8333333333333334
585,CD:2003-06-16:232,0.9931972789115646,1.0,1.0,0.9977324263038548
586,CD:2003-06-16:233,0.9931740614334471,1.0,1.0,0.9977246871444824
587,CD:2003-06-16:234,0.9863945578231292,1.0,1.0,0.9954648526077098
588,CD:2003-06-16:235,0.9931740614334471,1.0,1.0,0.9977246871444824
589,CD:2003-06-16:236,1.0,1.0,1.0,1.0
590,CD:2003-06-16:237,1.0,1.0,1.0,1.0
591,CD:2003-06-16:238,0.9739130434782609,1.0,1.0,0.991304347826087
592,CD:2003-06-17:239,0.9938461538461538,1.0,1.0,0.997948717948718
593,CD:2003-06-17:240,0.9940652818991098,1.0,1.0,0.9980217606330366
594,CD:2003-06-18:241,0.9282511210762332,1.0,1.0,0.976083707025411
595,CD:2003-06-20:242,1.0,0.7142857142857143,1.0,0.9047619047619048
596,CD:2003-06-20:243,1.0,0.75,1.0,0.9166666666666666
597,CD:2003-06-23:244,0.9272727272727272,1.0,1.0,0.9757575757575757
598,CD:2003-06-23:245,1.0,1.0,1.0,1.0
599,CD:2003-06-23:246,0.9933554817275747,1.0,1.0,0.9977851605758582
600,CD:2003-06-23:247,0.9932885906040269,1.0,1.0,0.9977628635346756
601,CD:2003-06-23:248,0.993006993006993,1.0,1.0,0.9976689976689976
602,CD:2003-06-23:249,0.9927272727272727,1.0,1.0,0.9975757575757576
603,CD:2003-06-24:250,0.9928571428571429,1.0,1.0,0.9976190476190476
604,CD:2003-06-24:251,0.986013986013986,1.0,1.0,0.9953379953379953
605,CD:2003-06-24:252,1.0,1.0,1.0,1.0
606,CD:2003-06-24:253,1.0,1.0,1.0,1.0
607,CD:2003-06-24:254,1.0,1.0,1.0,1.0
608,CD:2003-06-25:255,1.0,0.37142857142857144,1.0,0.7904761904761904
609,CD:2003-06-25:256,1.0,1.0,1.0,1.0
610,CD:2003-06-25:257,1.0,1.0,1.0,1.0
611,CD:2003-06-30:258,0.9927536231884058,1.0,0.3,0.7642512077294685
612,CD:2003-06-30:259,0.982089552238806,0.9295774647887324,0.3333333333333333,0.7483334501202906
613,CD:2003-06-30:260,0.9292035398230089,0.9,0.16279069767441862,0.6639980791658092
614,CD:2003-06-30:261,0.967948717948718,0.9253731343283582,0.21951219512195122,0.7042780157996759
615,CD:2003-07-01:262,1.0,0.0,0.0,0.3333333333333333
616,CD:2003-07-01:263,1.0,1.0,1.0,1.0
617,CD:2003-07-01:264,1.0,1.0,1.0,1.0
618,CD:2003-07-01:265,0.993485342019544,0.9847328244274809,1.0,0.992739388815675
619,CD:2003-07-01:266,1.0,1.0,1.0,1.0
620,CD:2003-07-01:267,1.0,1.0,1.0,1.0
621,CD:2003-07-01:268,1.0,1.0,1.0,1.0
622,CD:2003-07-01:269,0.9924812030075187,1.0,0.1724137931034483,0.7216316653703223
623,CD:2003-07-02:270,1.0,1.0,1.0,1.0
624,CD:2003-07-02:271,1.0,1.0,1.0,1.0
625,CD:2003-07-02:272,0.993920972644377,1.0,1.0,0.9979736575481256
626,CD:2003-07-02:273,1.0,1.0,1.0,1.0
627,CD:2003-07-02:274,1.0,1.0,1.0,1.0
628,CD:2003-07-07:275,0.9939024390243902,1.0,1.0,0.9979674796747968
629,CD:2003-07-07:276,0.9938837920489296,1.0,1.0,0.9979612640163099
630,CD:2003-07-07:277,0.9938080495356038,1.0,1.0,0.9979360165118679
631,CD:2003-07-08:278,1.0,0.9402985074626866,0.8,0.9134328358208955
632,CD:2003-07-08:279,1.0,1.0,1.0,1.0
633,CD:2003-07-08:280,0.6480938416422287,1.0,1.0,0.8826979472140762
634,CD:2003-07-08:281,0.993993993993994,1.0,1.0,0.9979979979979979
635,CD:2003-07-08:282,0.9880952380952381,1.0,1.0,0.996031746031746
636,CD:2003-07-08:283,0.9940828402366864,1.0,0.9523809523809523,0.9821545975392129
637,CD:2003-07-08:284,1.0,0.0,1.0,0.6666666666666666
638,CD:2003-07-09:285,0.9936102236421726,1.0,1.0,0.9978700745473909
639,CD:2003-07-09:286,0.9003115264797508,1.0,1.0,0.9667705088265836
640,CD:2003-07-09:287,0.9715302491103203,0.9789473684210527,0.8857142857142857,0.9453973010818862
641,CD:2003-07-09:288,0.9863013698630136,0.9658119658119658,0.2222222222222222,0.7247785192990673
642,CD:2003-07-14:289,0.993421052631579,1.0,1.0,0.9978070175438596
643,CD:2003-07-14:290,0.9935483870967742,1.0,0.8857142857142857,0.9597542242703533
644,CD:2003-07-15:291,0.9936908517350158,1.0,1.0,0.9978969505783386
645,CD:2003-07-16:292,0.9848484848484849,1.0,1.0,0.9949494949494949
646,CD:2003-07-16:293,0.9849056603773585,1.0,1.0,0.9949685534591195
647,CD:2003-07-16:294,0.9403973509933775,0.9848484848484849,1.0,0.9750819452806208
648,CD:2003-07-16:295,1.0,1.0,1.0,1.0
649,CD:2003-07-16:296,1.0,1.0,1.0,1.0
650,CD:2003-09-08:297,1.0,1.0,1.0,1.0
651,CD:2003-09-08:298,1.0,1.0,0.9411764705882353,0.9803921568627452
652,CD:2003-09-08:299,1.0,1.0,1.0,1.0
653,CD:2003-09-09:300,1.0,1.0,1.0,1.0
654,CD:2003-09-09:301,1.0,1.0,1.0,1.0
655,CD:2003-09-10:302,1.0,1.0,1.0,1.0
656,CD:2003-09-10:303,1.0,1.0,1.0,1.0
657,CD:2003-09-10:304,1.0,1.0,1.0,1.0
658,CD:2003-09-10:305,1.0,0.0,1.0,0.6666666666666666
659,CD:2003-09-10:306,1.0,1.0,1.0,1.0
660,CD:2003-09-10:307,0.9927536231884058,0.0,1.0,0.6642512077294686
661,CD:2003-09-15:308,1.0,1.0,1.0,1.0
662,CD:2003-09-15:309,1.0,1.0,1.0,1.0
663,CD:2003-09-15:310,1.0,1.0,1.0,1.0
664,CD:2003-09-15:311,1.0,1.0,1.0,1.0
665,CD:2003-09-16:312,1.0,1.0,1.0,1.0
666,CD:2003-09-16:313,1.0,1.0,1.0,1.0
667,CD:2003-09-16:314,1.0,1.0,1.0,1.0
668,CD:2003-09-17:315,0.9913419913419913,0.9591836734693877,1.0,0.9835085549371264
669,CD:2003-09-17:316,1.0,1.0,1.0,1.0
670,CD:2003-09-17:317,1.0,1.0,1.0,1.0
671,CD:2003-09-17:318,1.0,1.0,1.0,1.0
672,CD:2003-09-17:319,1.0,1.0,1.0,1.0
673,CD:2003-09-17:320,1.0,0.9764705882352941,1.0,0.9921568627450981
674,CD:2003-09-17:321,1.0,0.9540229885057471,1.0,0.9846743295019157
675,CD:2003-09-17:322,1.0,1.0,1.0,1.0
676,CD:2003-10-14:323,0.9932885906040269,1.0,1.0,0.9977628635346756
677,CD:2003-10-15:324,0.9939393939393939,1.0,1.0,0.9979797979797981
678,CD:2003-10-15:325,0.9935897435897436,1.0,1.0,0.9978632478632479
679,CD:2003-10-15:326,0.9933993399339934,1.0,1.0,0.9977997799779978
680,CD:2003-10-20:327,1.0,1.0,1.0,1.0
681,CD:2003-10-20:328,1.0,1.0,1.0,1.0
682,CD:2003-10-20:329,1.0,1.0,1.0,1.0
683,CD:2003-10-20:330,1.0,1.0,1.0,1.0
684,CD:2003-10-21:331,0.9932432432432432,1.0,1.0,0.9977477477477477
685,CD:2003-10-21:332,0.9933554817275747,1.0,1.0,0.9977851605758582
686,CD:2003-10-21:333,0.9933110367892977,1.0,0.9024390243902439,0.9652500203931805
687,CD:2003-10-22:334,0.9919678714859438,0.9821428571428571,1.0,0.991370242876267
688,CD:2003-10-22:335,1.0,1.0,1.0,1.0
689,CD:2003-10-22:336,1.0,1.0,1.0,1.0
690,CD:2003-10-27:337,0.9930555555555556,1.0,1.0,0.9976851851851851
691,CD:2003-10-27:338,0.9931506849315068,1.0,1.0,0.997716894977169
692,CD:2003-10-27:339,0.993006993006993,1.0,1.0,0.9976689976689976
693,CD:2003-10-28:340,0.9928571428571429,1.0,1.0,0.9976190476190476
694,CD:2003-10-28:341,0.993103448275862,1.0,1.0,0.9977011494252874
695,CD:2003-10-28:342,0.9930313588850174,1.0,1.0,0.9976771196283392
696,CD:2003-10-29:343,1.0,1.0,1.0,1.0
697,CD:2003-10-29:344,0.9163763066202091,1.0,0.8947368421052632,0.9370377162418241
698,CD:2003-10-29:345,0.8594594594594595,0.9787234042553191,1.0,0.9460609545715929
699,CD:2003-10-30:346,0.25806451612903225,0.5384615384615384,0.4166666666666667,0.4043975737524124
700,CD:2003-10-30:347,0.23809523809523808,0.6,0.4,0.41269841269841273
701,CD:2003-11-03:348,1.0,1.0,1.0,1.0
702,CD:2003-11-03:349,0.9926739926739927,1.0,0.9354838709677419,0.9760526212139116
703,CD:2003-11-05:350,0.9938650306748467,1.0,1.0,0.9979550102249489
704,CD:2003-11-05:351,1.0,1.0,1.0,1.0
705,CD:2003-11-06:352,1.0,1.0,0.0,0.6666666666666666
706,CD:2003-11-06:353,1.0,1.0,0.8181818181818182,0.9393939393939394
707,CD:2003-11-10:354,0.9930313588850174,1.0,1.0,0.9976771196283392
708,CD:2003-11-10:355,0.9928571428571429,1.0,1.0,0.9976190476190476
709,CD:2003-11-10:356,0.9919028340080972,1.0,1.0,0.9973009446693658
710,CD:2003-11-10:357,0.6510067114093959,0.5517241379310345,0.5121951219512195,0.57164199043055
711,CD:2003-11-10:358,0.5749128919860628,0.7431192660550459,1.0,0.772677386013703
712,CD:2003-11-12:359,0.8930041152263375,1.0,1.0,0.9643347050754457
713,CD:2003-11-12:360,0.745928338762215,1.0,1.0,0.9153094462540716
714,CD:2003-11-12:361,0.9935483870967742,1.0,1.0,0.9978494623655915
715,CD:2003-11-12:362,0.9936305732484076,1.0,1.0,0.9978768577494691
716,CD:2003-11-17:363,0.992831541218638,1.0,1.0,0.997610513739546
717,CD:2003-11-17:364,0.993485342019544,1.0,1.0,0.997828447339848
718,CD:2003-11-17:365,0.9935275080906149,1.0,1.0,0.9978425026968716
719,CD:2003-11-17:366,0.9935483870967742,1.0,1.0,0.9978494623655915
720,CD:2003-11-17:367,0.9934640522875817,1.0,1.0,0.9978213507625272
721,CD:2003-11-18:368,0.983739837398374,1.0,0.5,0.8279132791327913
722,CD:2003-11-18:369,0.9880239520958084,1.0,1.0,0.9960079840319361
723,CD:2003-11-18:370,0.9941176470588236,1.0,1.0,0.9980392156862745
724,CD:2003-11-18:371,0.8452722063037249,1.0,1.0,0.9484240687679083
725,CD:2003-11-18:372,0.8356940509915014,1.0,1.0,0.9452313503305004
726,CD:2003-11-18:373,0.88,1.0,1.0,0.96
727,CD:2003-11-18:374,0.9877675840978594,1.0,1.0,0.9959225280326197
728,CD:2003-11-18:375,1.0,1.0,1.0,1.0
729,CD:2003-11-18:376,0.9767441860465116,1.0,1.0,0.9922480620155039
730,CD:2003-11-18:377,1.0,0.0,1.0,0.6666666666666666
731,CD:2003-11-18:378,1.0,0.0,1.0,0.6666666666666666
732,CD:2003-11-18:379,0.9875,0.0,1.0,0.6625
733,CD:2003-11-19:380,0.9946808510638298,1.0,1.0,0.99822695035461
734,CD:2003-11-19:381,0.6601671309192201,1.0,1.0,0.8867223769730733
735,CD:2003-11-19:382,0.8997214484679665,1.0,1.0,0.9665738161559888
736,CD:2003-11-19:383,0.9941176470588236,1.0,1.0,0.9980392156862745
737,CD:2003-11-19:384,0.9884057971014493,1.0,1.0,0.996135265700483
738,CD:2003-11-19:385,0.8840579710144928,1.0,1.0,0.9613526570048309
739,CD:2003-11-19:386,0.9230769230769231,1.0,1.0,0.9743589743589745
740,CD:2003-11-19:387,0.9473684210526315,1.0,1.0,0.9824561403508771
741,CD:2003-11-19:388,0.7875,1.0,1.0,0.9291666666666667
742,CD:2003-11-20:389,0.9939393939393939,1.0,1.0,0.9979797979797981
743,CD:2003-11-20:390,0.993920972644377,1.0,1.0,0.9979736575481256
744,CD:2003-12-03:1,0.9939393939393939,1.0,1.0,0.9979797979797981
745,CD:2003-12-04:2,1.0,1.0,1.0,1.0
746,CD:2003-12-04:3,1.0,0.0,1.0,0.6666666666666666
747,CD:2003-12-04:4,1.0,1.0,1.0,1.0
748,CD:2003-12-08:5,0.9925925925925926,1.0,1.0,0.9975308641975308
749,CD:2003-12-09:6,1.0,1.0,1.0,1.0
750,CD:2003-12-09:7,0.993103448275862,1.0,1.0,0.9977011494252874
751,CD:2003-12-15:8,1.0,0.3333333333333333,1.0,0.7777777777777777
752,CD:2003-12-15:9,1.0,1.0,1.0,1.0
753,CD:2003-12-16:10,0.9930555555555556,1.0,1.0,0.9976851851851851
754,CD:2003-12-16:11,1.0,1.0,1.0,1.0
755,CD:2003-12-16:12,0.9932885906040269,1.0,1.0,0.9977628635346756
756,CD:2003-12-16:13,0.9931972789115646,1.0,1.0,0.9977324263038548
757,CD:2003-12-16:14,0.9863945578231292,1.0,0.9523809523809523,0.9795918367346937
758,CD:2003-12-17:15,0.9916317991631799,1.0,0.9411764705882353,0.9776027565838051
759,CD:2003-12-17:16,0.8491803278688524,0.0,1.0,0.6163934426229508
760,CD:2003-12-17:17,0.8745874587458746,0.9836065573770492,0.9534883720930233,0.9372274627386491
761,CD:2003-12-17:18,0.9359430604982206,1.0,1.0,0.9786476868327402
762,CD:2004-01-05:19,1.0,1.0,1.0,1.0
763,CD:2004-01-05:20,1.0,1.0,1.0,1.0
764,CD:2004-01-06:21,1.0,1.0,1.0,1.0
765,CD:2004-01-07:22,1.0,1.0,1.0,1.0
766,CD:2004-01-07:23,1.0,1.0,1.0,1.0
767,CD:2004-01-08:24,1.0,1.0,1.0,1.0
768,CD:2004-01-12:25,1.0,1.0,1.0,1.0
769,CD:2004-01-12:26,1.0,1.0,1.0,1.0
770,CD:2004-01-13:27,1.0,0.9856115107913669,1.0,0.9952038369304557
771,CD:2004-01-13:28,1.0,1.0,1.0,1.0
772,CD:2004-01-13:29,1.0,1.0,1.0,1.0
773,CD:2004-01-14:30,0.9942196531791907,1.0,1.0,0.998073217726397
774,CD:2004-01-14:31,0.9940476190476191,1.0,1.0,0.998015873015873
775,CD:2004-01-19:32,0.9929824561403509,1.0,1.0,0.9976608187134502
776,CD:2004-01-20:33,1.0,1.0,1.0,1.0
777,CD:2004-01-21:34,0.9938650306748467,1.0,1.0,0.9979550102249489
778,CD:2004-01-21:35,1.0,1.0,1.0,1.0
779,CD:2004-01-21:36,1.0,1.0,1.0,1.0
780,CD:2004-01-26:37,1.0,1.0,1.0,1.0
781,CD:2004-01-27:38,0.6292428198433421,1.0,1.0,0.8764142732811141
782,CD:2004-01-27:39,0.967032967032967,1.0,1.0,0.989010989010989
783,CD:2004-02-02:40,0.9929577464788732,1.0,1.0,0.9976525821596244
784,CD:2004-02-02:41,0.9930313588850174,1.0,1.0,0.9976771196283392
785,CD:2004-02-03:42,0.9938650306748467,1.0,1.0,0.9979550102249489
786,CD:2004-02-03:43,1.0,1.0,1.0,1.0
787,CD:2004-02-05:44,1.0,1.0,1.0,1.0
788,CD:2004-02-05:45,1.0,1.0,1.0,1.0
789,CD:2004-02-05:46,1.0,1.0,1.0,1.0
790,CD:2004-02-09:47,0.9931506849315068,1.0,1.0,0.997716894977169
791,CD:2004-02-09:48,0.9930555555555556,1.0,0.9333333333333333,0.975462962962963
792,CD:2004-02-09:49,0.9928057553956835,1.0,1.0,0.9976019184652278
793,CD:2004-02-10:50,0.9933774834437086,1.0,1.0,0.9977924944812363
794,CD:2004-02-10:51,1.0,1.0,1.0,1.0
795,CD:2004-02-11:52,1.0,0.8666666666666667,1.0,0.9555555555555556
796,CD:2004-02-11:53,0.985663082437276,1.0,1.0,0.9952210274790919
797,CD:2004-02-11:54,0.9926470588235294,1.0,1.0,0.9975490196078431
798,CD:2004-02-23:55,1.0,0.1111111111111111,1.0,0.7037037037037037
799,CD:2004-02-24:56,0.9936708860759493,1.0,1.0,0.9978902953586498
800,CD:2004-02-24:57,0.9935483870967742,1.0,1.0,0.9978494623655915
801,CD:2004-02-25:58,0.35714285714285715,0.978021978021978,0.3548387096774194,0.5633345149474182
802,CD:2004-02-25:59,0.9548387096774194,0.5,1.0,0.8182795698924732
803,CD:2004-02-26:60,1.0,1.0,1.0,1.0
804,CD:2004-03-01:61,0.9741100323624595,1.0,1.0,0.9913700107874864
805,CD:2004-03-01:62,0.8433734939759037,0.9692307692307692,1.0,0.9375347544022242
806,CD:2004-03-01:63,0.7891566265060241,1.0,1.0,0.929718875502008
807,CD:2004-03-01:64,0.9869706840390879,1.0,1.0,0.995656894679696
808,CD:2004-03-01:65,0.8461538461538461,0.0,1.0,0.6153846153846154
809,CD:2004-03-01:66,0.9936102236421726,1.0,1.0,0.9978700745473909
810,CD:2004-03-01:67,0.9225806451612903,1.0,1.0,0.9741935483870968
811,CD:2004-03-02:68,0.9940476190476191,1.0,1.0,0.998015873015873
812,CD:2004-03-02:69,0.9939024390243902,1.0,1.0,0.9979674796747968
813,CD:2004-03-02:70,1.0,1.0,1.0,1.0
814,CD:2004-03-03:71,0.9921568627450981,1.0,1.0,0.9973856209150327
815,CD:2004-03-03:72,0.9938271604938271,1.0,1.0,0.9979423868312757
816,CD:2004-03-03:73,1.0,1.0,1.0,1.0
817,CD:2004-03-03:74,1.0,1.0,1.0,1.0
818,CD:2004-03-03:75,1.0,0.9826086956521739,1.0,0.9942028985507246
819,CD:2004-03-08:76,1.0,1.0,1.0,1.0
820,CD:2004-03-08:77,0.9923664122137404,1.0,1.0,0.9974554707379135
821,CD:2004-03-08:78,0.9923371647509579,1.0,1.0,0.9974457215836526
822,CD:2004-03-08:79,0.9922779922779923,1.0,1.0,0.9974259974259975
823,CD:2004-03-09:80,0.9647887323943662,1.0,1.0,0.988262910798122
824,CD:2004-03-09:81,1.0,1.0,1.0,1.0
825,CD:2004-03-09:82,1.0,1.0,1.0,1.0
826,CD:2004-03-10:83,1.0,1.0,1.0,1.0
827,CD:2004-03-10:84,1.0,1.0,1.0,1.0
828,CD:2004-03-10:85,1.0,1.0,1.0,1.0
829,CD:2004-03-15:86,0.9921259842519685,1.0,1.0,0.9973753280839895
830,CD:2004-03-15:87,0.9928571428571429,1.0,1.0,0.9976190476190476
831,CD:2004-03-15:88,0.9923664122137404,1.0,1.0,0.9974554707379135
832,CD:2004-03-15:89,0.9924242424242424,1.0,1.0,0.9974747474747474
833,CD:2004-03-16:90,0.9929577464788732,1.0,1.0,0.9976525821596244
834,CD:2004-03-16:91,0.9928057553956835,1.0,1.0,0.9976019184652278
835,CD:2004-03-16:92,0.9927272727272727,1.0,1.0,0.9975757575757576
836,CD:2004-03-16:93,0.9929078014184397,1.0,1.0,0.9976359338061466
837,CD:2004-03-16:94,1.0,1.0,1.0,1.0
838,CD:2004-03-16:95,1.0,1.0,1.0,1.0
839,CD:2004-03-16:96,1.0,1.0,1.0,1.0
840,CD:2004-03-23:100,1.0,1.0,1.0,1.0
841,CD:2004-03-23:101,1.0,1.0,1.0,1.0
842,CD:2004-03-23:102,1.0,1.0,1.0,1.0
843,CD:2004-03-23:103,1.0,1.0,1.0,1.0
844,CD:2004-03-23:104,1.0,1.0,1.0,1.0
845,CD:2004-03-23:105,1.0,0.0,1.0,0.6666666666666666
846,CD:2004-03-23:97,1.0,1.0,1.0,1.0
847,CD:2004-03-23:98,1.0,1.0,1.0,1.0
848,CD:2004-03-23:99,1.0,1.0,1.0,1.0
849,CD:2004-03-24:106,0.9921259842519685,1.0,1.0,0.9973753280839895
850,CD:2004-03-24:107,1.0,1.0,1.0,1.0
851,CD:2004-03-24:108,1.0,1.0,1.0,1.0
852,CD:2004-03-24:109,0.9932885906040269,1.0,0.9565217391304348,0.9832701099114871
853,CD:2004-03-25:110,1.0,1.0,1.0,1.0
854,CD:2004-03-26:111,1.0,1.0,1.0,1.0
855,CD:2004-03-29:112,0.9867986798679867,1.0,1.0,0.9955995599559956
856,CD:2004-03-29:113,0.9933993399339934,1.0,1.0,0.9977997799779978
857,CD:2004-03-29:114,0.9935691318327974,1.0,1.0,0.9978563772775991
858,CD:2004-03-29:115,1.0,1.0,1.0,1.0
859,CD:2004-03-30:116,0.9938461538461538,1.0,1.0,0.997948717948718
860,CD:2004-03-30:117,0.9938080495356038,1.0,1.0,0.9979360165118679
861,CD:2004-03-30:118,0.9937106918238994,1.0,1.0,0.9979035639412999
862,CD:2004-03-30:119,0.9932203389830508,1.0,1.0,0.9977401129943503
863,CD:2004-03-31:120,0.9943019943019943,1.0,1.0,0.9981006647673314
864,CD:2004-03-31:121,1.0,1.0,1.0,1.0
865,CD:2004-03-31:122,1.0,1.0,1.0,1.0
866,CD:2004-03-31:123,0.7057220708446866,1.0,1.0,0.9019073569482289
867,CD:2004-03-31:124,1.0,0.0,1.0,0.6666666666666666
868,CD:2004-03-31:125,0.8888888888888888,1.0,1.0,0.9629629629629629
869,CD:2004-04-19:126,1.0,1.0,1.0,1.0
870,CD:2004-04-19:127,0.993006993006993,1.0,1.0,0.9976689976689976
871,CD:2004-04-19:128,1.0,1.0,1.0,1.0
872,CD:2004-04-19:129,0.992619926199262,1.0,1.0,0.997539975399754
873,CD:2004-04-19:130,0.9927007299270073,1.0,1.0,0.9975669099756691
874,CD:2004-04-19:131,0.9927536231884058,1.0,1.0,0.9975845410628019
875,CD:2004-04-19:132,0.9925650557620818,1.0,1.0,0.9975216852540273
876,CD:2004-04-20:133,0.9933110367892977,1.0,1.0,0.9977703455964325
877,CD:2004-04-21:134,0.9932885906040269,1.0,1.0,0.9977628635346756
878,CD:2004-04-21:135,0.9934426229508196,1.0,1.0,0.9978142076502733
879,CD:2004-04-21:136,0.9933110367892977,1.0,1.0,0.9977703455964325
880,CD:2004-04-22:137,0.9849624060150376,0.5185185185185185,1.0,0.8344936415111853
881,CD:2004-04-22:138,0.8627450980392157,0.2,0.7272727272727273,0.5966726084373143
882,CD:2004-04-22:139,0.49019607843137253,0.3898305084745763,0.6521739130434783,0.5107334999831424
883,CD:2004-04-22:140,0.5769230769230769,0.23636363636363636,0.3333333333333333,0.38220668220668214
884,CD:2004-04-23:141,1.0,1.0,1.0,1.0
885,CD:2004-04-26:142,0.9926739926739927,1.0,1.0,0.9975579975579976
886,CD:2004-04-26:143,1.0,1.0,1.0,1.0
887,CD:2004-04-26:144,0.9923076923076923,1.0,1.0,0.9974358974358974
888,CD:2004-04-26:145,0.9918367346938776,1.0,1.0,0.9972789115646258
889,CD:2004-04-26:146,0.9920318725099602,1.0,1.0,0.99734395750332
890,CD:2004-04-26:147,0.9923664122137404,1.0,1.0,0.9974554707379135
891,CD:2004-04-27:148,0.9932203389830508,1.0,1.0,0.9977401129943503
892,CD:2004-04-27:149,0.993127147766323,1.0,1.0,0.997709049255441
893,CD:2004-04-27:150,0.9927797833935018,1.0,1.0,0.9975932611311672
894,CD:2004-04-28:151,1.0,1.0,1.0,1.0
895,CD:2004-04-28:152,0.9929328621908127,1.0,1.0,0.9976442873969376
896,CD:2004-04-28:153,0.9932203389830508,1.0,1.0,0.9977401129943503
897,CD:2004-04-29:154,1.0,1.0,1.0,1.0
898,CD:2004-04-29:155,1.0,1.0,1.0,1.0
899,CD:2004-04-29:156,0.9914893617021276,1.0,1.0,0.9971631205673758
900,CD:2004-05-04:157,0.9421221864951769,1.0,1.0,0.9807073954983924
901,CD:2004-05-04:158,1.0,1.0,1.0,1.0
902,CD:2004-05-05:159,1.0,1.0,1.0,1.0
903,CD:2004-05-05:160,1.0,1.0,1.0,1.0
904,CD:2004-05-06:161,0.9920634920634921,1.0,1.0,0.9973544973544973
905,CD:2004-05-06:162,1.0,1.0,1.0,1.0
906,CD:2004-05-06:163,1.0,1.0,0.8888888888888888,0.9629629629629629
907,CD:2004-05-11:164,1.0,1.0,1.0,1.0
908,CD:2004-05-11:165,0.9930313588850174,1.0,1.0,0.9976771196283392
909,CD:2004-05-11:166,0.993006993006993,1.0,1.0,0.9976689976689976
910,CD:2004-05-11:167,0.9929577464788732,1.0,1.0,0.9976525821596244
911,CD:2004-05-11:168,1.0,1.0,1.0,1.0
912,CD:2004-05-11:169,0.9863013698630136,0.5833333333333334,1.0,0.856544901065449
913,CD:2004-05-11:170,1.0,0.9090909090909091,0.8333333333333334,0.9141414141414143
914,CD:2004-05-12:171,0.975,0.3411764705882353,0.6756756756756757,0.6639507154213037
915,CD:2004-05-12:172,1.0,1.0,1.0,1.0
916,CD:2004-05-13:173,1.0,1.0,1.0,1.0
917,CD:2004-05-13:174,1.0,1.0,1.0,1.0
918,CD:2004-05-14:175,1.0,1.0,1.0,1.0
919,CD:2004-05-17:176,0.9424460431654677,0.9655172413793104,1.0,0.9693210948482593
920,CD:2004-05-17:177,1.0,1.0,1.0,1.0
921,CD:2004-05-17:178,1.0,1.0,1.0,1.0
922,CD:2004-05-18:179,1.0,1.0,1.0,1.0
923,CD:2004-05-18:180,1.0,1.0,1.0,1.0
924,CD:2004-05-19:181,0.9881656804733728,1.0,1.0,0.9960552268244576
925,CD:2004-05-21:182,0.2,1.0,1.0,0.7333333333333334
926,CD:2004-05-24:183,0.9929078014184397,1.0,1.0,0.9976359338061466
927,CD:2004-05-24:184,0.9928571428571429,1.0,1.0,0.9976190476190476
928,CD:2004-05-24:185,0.9927797833935018,1.0,1.0,0.9975932611311672
929,CD:2004-05-24:186,1.0,0.0,1.0,0.6666666666666666
930,CD:2004-05-24:187,0.9855072463768116,0.8933333333333333,0.2222222222222222,0.7003542673107891
931,CD:2004-05-25:188,0.972972972972973,0.6170212765957447,1.0,0.8633314165229059
932,CD:2004-05-25:189,1.0,0.32142857142857145,1.0,0.7738095238095237
933,CD:2004-05-25:190,0.9938080495356038,1.0,1.0,0.9979360165118679
934,CD:2004-05-26:191,0.9936908517350158,0.983739837398374,1.0,0.9924768963777967
935,CD:2004-05-26:192,1.0,1.0,1.0,1.0
936,CD:2004-06-07:193,1.0,1.0,1.0,1.0
937,CD:2004-06-07:194,1.0,1.0,1.0,1.0
938,CD:2004-06-08:195,1.0,1.0,1.0,1.0
939,CD:2004-06-15:196,1.0,1.0,0.3125,0.7708333333333334
940,CD:2004-06-15:197,0.992831541218638,1.0,1.0,0.997610513739546
941,CD:2004-06-21:198,1.0,1.0,1.0,1.0
942,CD:2004-06-22:199,0.9933333333333333,1.0,1.0,0.9977777777777778
943,CD:2004-06-22:200,0.992831541218638,1.0,1.0,0.997610513739546
944,CD:2004-06-23:201,1.0,1.0,1.0,1.0
945,CD:2004-06-23:202,0.9933993399339934,1.0,1.0,0.9977997799779978
946,CD:2004-06-23:203,0.9934426229508196,1.0,1.0,0.9978142076502733
947,CD:2004-06-23:204,0.9328859060402684,1.0,1.0,0.9776286353467561
948,CD:2004-06-23:205,0.9933333333333333,1.0,1.0,0.9977777777777778
949,CD:2004-06-23:206,1.0,1.0,1.0,1.0
950,CD:2004-06-23:207,0.9647887323943662,1.0,1.0,0.988262910798122
951,CD:2004-06-28:208,0.8576779026217228,0.46875,0.4482758620689655,0.5915679215635629
952,CD:2004-06-30:209,0.9929328621908127,1.0,1.0,0.9976442873969376
953,CD:2004-06-30:210,1.0,1.0,1.0,1.0
954,CD:2004-06-30:211,1.0,1.0,0.9310344827586207,0.9770114942528735
955,CD:2004-07-05:212,0.9920318725099602,1.0,1.0,0.99734395750332
956,CD:2004-07-05:213,1.0,1.0,1.0,1.0
957,CD:2004-07-05:214,0.9923664122137404,1.0,1.0,0.9974554707379135
958,CD:2004-07-06:215,0.9922480620155039,1.0,1.0,0.9974160206718347
959,CD:2004-07-06:216,0.9919678714859438,1.0,1.0,0.9973226238286479
960,CD:2004-07-07:217,0.9838056680161943,1.0,1.0,0.9946018893387314
961,CD:2004-07-07:218,0.9919354838709677,1.0,0.0,0.6639784946236559
962,CD:2004-07-07:219,0.9923954372623575,1.0,1.0,0.9974651457541192
963,CD:2004-07-07:220,1.0,1.0,1.0,1.0
964,CD:2004-07-12:221,0.9918032786885246,1.0,1.0,0.9972677595628415
965,CD:2004-07-12:222,0.9916666666666667,1.0,1.0,0.9972222222222222
966,CD:2004-07-13:223,1.0,0.0,0.9393939393939394,0.6464646464646465
967,CD:2004-07-15:224,0.9901960784313726,1.0,1.0,0.9967320261437909
968,CD:2004-07-15:225,0.9902439024390244,1.0,1.0,0.9967479674796748
969,CD:2004-07-15:226,0.9899497487437185,1.0,1.0,0.9966499162479062
970,CD:2004-07-15:227,0.989247311827957,1.0,1.0,0.996415770609319
971,CD:2004-07-15:228,0.9887005649717514,1.0,1.0,0.9962335216572504
972,CD:2004-07-16:229,1.0,1.0,1.0,1.0
973,CD:2004-07-19:230,1.0,1.0,1.0,1.0
974,CD:2004-07-19:231,1.0,1.0,1.0,1.0
975,CD:2004-07-19:232,0.9571428571428572,1.0,1.0,0.9857142857142858
976,CD:2004-07-19:233,0.9919354838709677,1.0,1.0,0.9973118279569894
977,CD:2004-07-20:234,0.7833935018050542,1.0,1.0,0.927797833935018
978,CD:2004-07-20:235,1.0,1.0,1.0,1.0
979,CD:2004-07-21:236,0.9866220735785953,1.0,1.0,0.9955406911928651
980,CD:2004-07-21:237,1.0,1.0,0.9545454545454546,0.9848484848484849
981,CD:2004-09-08:238,0.993485342019544,1.0,1.0,0.997828447339848
982,CD:2004-09-08:239,0.9934426229508196,1.0,1.0,0.9978142076502733
983,CD:2004-09-08:240,0.9930795847750865,1.0,1.0,0.9976931949250288
984,CD:2004-09-13:241,0.9916666666666667,1.0,1.0,0.9972222222222222
985,CD:2004-09-14:242,1.0,1.0,1.0,1.0
986,CD:2004-09-14:243,1.0,1.0,1.0,1.0
987,CD:2004-09-14:244,0.9919354838709677,1.0,1.0,0.9973118279569894
988,CD:2004-09-14:245,0.9919028340080972,1.0,1.0,0.9973009446693658
989,CD:2004-09-15:246,0.972027972027972,1.0,0.16279069767441862,0.7116062232341301
990,CD:2004-09-15:247,0.9581881533101045,1.0,0.15555555555555556,0.7045812362885533
991,CD:2004-09-15:248,0.9717314487632509,1.0,0.2682926829268293,0.7466747105633601
992,CD:2004-09-15:249,0.9788732394366197,1.0,0.16279069767441862,0.7138879790370128
993,CD:2004-09-15:250,0.9749216300940439,0.9136690647482014,0.3191489361702128,0.735913210337486
994,CD:2004-09-15:251,0.9870550161812298,0.6,1.0,0.86235167206041
995,CD:2004-09-15:252,1.0,0.5,0.7857142857142857,0.7619047619047619
996,CD:2004-09-15:253,0.9804560260586319,0.937984496124031,0.2558139534883721,0.7247514918903449
997,CD:2004-10-11:254,0.9931740614334471,0.6721311475409836,0.9047619047619048,0.8566890379121118
998,CD:2004-10-11:255,1.0,1.0,1.0,1.0
999,CD:2004-10-12:256,0.9870550161812298,0.2653061224489796,1.0,0.7507870462100698
1000,CD:2004-10-12:257,0.9794520547945206,1.0,1.0,0.9931506849315069
1001,CD:2004-10-13:258,0.9935691318327974,1.0,1.0,0.9978563772775991
1002,CD:2004-10-13:259,0.9934640522875817,1.0,1.0,0.9978213507625272
1003,CD:2004-10-14:260,0.9918032786885246,1.0,1.0,0.9972677595628415
1004,CD:2004-10-14:261,0.9918367346938776,0.9813084112149533,1.0,0.9910483819696103
1005,CD:2004-10-15:262,1.0,1.0,1.0,1.0
1006,CD:2004-10-15:263,1.0,1.0,1.0,1.0
1007,CD:2004-10-15:264,1.0,1.0,1.0,1.0
1008,CD:2004-10-18:265,0.9791666666666666,1.0,1.0,0.9930555555555555
1009,CD:2004-10-18:266,0.9929824561403509,1.0,1.0,0.9976608187134502
1010,CD:2004-10-19:267,1.0,1.0,1.0,1.0
1011,CD:2004-10-19:268,0.9920948616600791,1.0,1.0,0.997364953886693
1012,CD:2004-10-19:269,0.9923664122137404,1.0,1.0,0.9974554707379135
1013,CD:2004-10-20:270,1.0,1.0,1.0,1.0
1014,CD:2004-10-20:271,1.0,1.0,1.0,1.0
1015,CD:2004-10-20:272,0.9850746268656716,1.0,1.0,0.9950248756218905
1016,CD:2004-10-20:273,0.9925093632958801,1.0,1.0,0.9975031210986267
1017,CD:2004-10-20:274,0.9926739926739927,1.0,1.0,0.9975579975579976
1018,CD:2004-10-25:275,0.9931972789115646,1.0,1.0,0.9977324263038548
1019,CD:2004-10-25:276,0.9932432432432432,1.0,1.0,0.9977477477477477
1020,CD:2004-10-25:277,0.9930313588850174,1.0,1.0,0.9976771196283392
1021,CD:2004-10-26:278,0.9264705882352942,1.0,1.0,0.9754901960784315
1022,CD:2004-10-26:279,0.9705882352941176,1.0,1.0,0.9901960784313726
1023,CD:2004-10-26:280,0.8884758364312267,1.0,1.0,0.9628252788104089
1024,CD:2004-10-26:281,0.9398496240601504,1.0,1.0,0.9799498746867168
1025,CD:2004-10-26:282,0.9548872180451128,0.9807692307692307,0.8918918918918919,0.9425161135687451
1026,CD:2004-10-26:283,0.9624060150375939,1.0,0.7714285714285715,0.9112781954887218
1027,CD:2004-10-26:284,0.545816733067729,0.8627450980392157,0.7714285714285715,0.7266634675118387
1028,CD:2004-10-27:285,0.9789473684210527,1.0,0.5294117647058824,0.8361197110423116
1029,CD:2004-10-27:286,1.0,1.0,1.0,1.0
1030,CD:2004-10-27:287,0.9932432432432432,1.0,1.0,0.9977477477477477
1031,CD:2004-10-27:288,0.993103448275862,1.0,1.0,0.9977011494252874
1032,CD:2004-10-27:289,1.0,1.0,1.0,1.0
1033,CD:2004-10-27:290,1.0,1.0,1.0,1.0
1034,CD:2004-10-27:291,1.0,1.0,1.0,1.0
1035,CD:2004-10-27:292,1.0,0.7428571428571429,0.25925925925925924,0.6673721340388007
1036,CD:2004-10-28:293,1.0,1.0,1.0,1.0
1037,CD:2004-10-28:294,1.0,1.0,1.0,1.0
1038,CD:2004-10-28:295,1.0,1.0,1.0,1.0
1039,CD:2004-11-01:296,0.993127147766323,1.0,1.0,0.997709049255441
1040,CD:2004-11-01:297,0.8019169329073482,1.0,1.0,0.933972310969116
1041,CD:2004-11-01:298,0.993485342019544,1.0,1.0,0.997828447339848
1042,CD:2004-11-01:299,0.9931740614334471,1.0,1.0,0.9977246871444824
1043,CD:2004-11-02:300,1.0,1.0,1.0,1.0
1044,CD:2004-11-02:301,0.9383561643835616,1.0,1.0,0.9794520547945206
1045,CD:2004-11-02:302,0.9115646258503401,1.0,1.0,0.9705215419501134
1046,CD:2004-11-02:303,1.0,1.0,0.9565217391304348,0.9855072463768115
1047,CD:2004-11-02:304,1.0,1.0,1.0,1.0
1048,CD:2004-11-02:305,0.6948051948051948,1.0,0.14285714285714285,0.6125541125541125
1049,CD:2004-11-02:306,0.7086092715231788,1.0,0.045454545454545456,0.5846879389925747
1050,CD:2004-11-03:307,0.06077348066298342,0.944954128440367,0.6097560975609756,0.5384945688881086
1051,CD:2004-11-03:308,0.5,0.3707865168539326,0.75,0.5402621722846442
1052,CD:2004-11-03:309,0.7090909090909091,0.38095238095238093,0.875,0.6550144300144299
1053,CD:2004-11-08:310,0.993103448275862,1.0,1.0,0.9977011494252874
1054,CD:2004-11-08:311,0.8091872791519434,1.0,0.9285714285714286,0.9125862359077906
1055,CD:2004-11-08:312,0.9930313588850174,1.0,1.0,0.9976771196283392
1056,CD:2004-11-08:313,0.8785714285714286,1.0,1.0,0.9595238095238096
1057,CD:2004-11-09:314,0.9866666666666667,0.30434782608695654,0.9047619047619048,0.7319254658385094
1058,CD:2004-11-09:315,0.9865319865319865,0.06329113924050633,1.0,0.6832743752574976
1059,CD:2004-11-10:316,1.0,1.0,0.9473684210526315,0.9824561403508771
1060,CD:2004-11-11:317,0.9922178988326849,1.0,1.0,0.9974059662775616
1061,CD:2004-11-11:318,0.9922178988326849,1.0,1.0,0.9974059662775616
1062,CD:2004-11-15:319,0.9923076923076923,1.0,1.0,0.9974358974358974
1063,CD:2004-11-15:320,0.9926470588235294,1.0,1.0,0.9975490196078431
1064,CD:2004-11-16:321,1.0,1.0,1.0,1.0
1065,CD:2004-11-16:322,0.9931740614334471,1.0,1.0,0.9977246871444824
1066,CD:2004-11-16:323,0.9662162162162162,1.0,1.0,0.9887387387387387
1067,CD:2004-11-16:324,0.9932659932659933,1.0,1.0,0.9977553310886643
1068,CD:2004-11-16:325,0.9933333333333333,1.0,1.0,0.9977777777777778
1069,CD:2004-11-16:326,0.9933110367892977,0.984251968503937,0.5555555555555556,0.8443728536162635
1070,CD:2004-11-16:327,0.9684542586750788,0.9432624113475178,0.19047619047619047,0.7007309534995958
1071,CD:2004-11-16:328,0.9684542586750788,0.9424460431654677,0.23809523809523808,0.7163318466452616
1072,CD:2004-11-16:329,0.8490566037735849,0.958041958041958,0.023255813953488372,0.6101181252563438
1073,CD:2004-11-16:330,0.9676375404530745,0.9402985074626866,0.14285714285714285,0.6835977302576346
1074,CD:2004-11-17:331,1.0,1.0,1.0,1.0
1075,CD:2004-11-17:332,1.0,1.0,1.0,1.0
1076,CD:2004-11-17:333,1.0,1.0,1.0,1.0
1077,CD:2004-11-17:334,1.0,1.0,1.0,1.0
1078,CD:2004-11-17:335,1.0,1.0,1.0,1.0
1079,CD:2004-11-17:336,1.0,1.0,1.0,1.0
1080,CD:2004-11-18:337,0.96875,1.0,0.1282051282051282,0.6989850427350427
1081,CD:2004-11-18:338,0.9405204460966543,1.0,0.10526315789473684,0.6819278679971305
1082,CD:2004-11-18:339,0.7651515151515151,0.9733333333333334,0.47368421052631576,0.7373896863370547
1083,CD:2004-11-18:340,0.9402985074626866,1.0,0.17647058823529413,0.7055896985659936
1084,CD:2004-11-30:1,1.0,1.0,1.0,1.0
1085,CD:2004-12-01:2,0.9936708860759493,1.0,1.0,0.9978902953586498
1086,CD:2004-12-01:3,0.9802631578947368,0.9696969696969697,1.0,0.9833200425305688
1087,CD:2004-12-01:4,1.0,1.0,1.0,1.0
1088,CD:2004-12-06:5,0.9929824561403509,1.0,1.0,0.9976608187134502
1089,CD:2004-12-06:6,0.9928825622775801,1.0,1.0,0.9976275207591933
1090,CD:2004-12-07:7,0.9854014598540146,1.0,1.0,0.9951338199513383
1091,CD:2004-12-08:8,0.9928825622775801,1.0,1.0,0.9976275207591933
1092,CD:2004-12-13:10,0.992831541218638,1.0,1.0,0.997610513739546
1093,CD:2004-12-13:9,0.9930313588850174,1.0,0.0,0.6643437862950058
1094,CD:2004-12-14:11,0.794392523364486,0.9829059829059829,0.7333333333333333,0.836877279867934
1095,CD:2004-12-14:12,0.804416403785489,0.9824561403508771,0.7333333333333333,0.8400686258232332
1096,CD:2004-12-14:13,0.963302752293578,0.3442622950819672,1.0,0.7691883491251817
1097,CD:2004-12-14:14,0.9212121212121213,0.9622641509433962,0.782608695652174,0.8886949892692305
1098,CD:2004-12-14:15,0.9202453987730062,0.7171717171717171,1.0,0.8791390386482411
1099,CD:2004-12-14:16,0.9682539682539683,1.0,0.6666666666666666,0.8783068783068783
1100,CD:2004-12-14:17,0.8934169278996865,0.7684210526315789,0.8421052631578947,0.8346477478963866
1101,CD:2004-12-16:18,1.0,1.0,0.6,0.8666666666666667
1102,CD:2004-12-16:19,1.0,1.0,1.0,1.0
1103,CD:2004-12-16:20,0.9913793103448276,1.0,1.0,0.9971264367816092
1104,CD:2004-12-16:21,0.9911894273127754,1.0,1.0,0.9970631424375918
1105,CD:2004-12-16:22,0.9911894273127754,1.0,1.0,0.9970631424375918
1106,CD:2004-12-20:23,0.8920634920634921,0.8,1.0,0.8973544973544975
1107,CD:2004-12-20:24,0.879746835443038,0.782608695652174,1.0,0.887451843698404
1108,CD:2004-12-20:25,0.9732441471571907,1.0,1.0,0.9910813823857302
1109,CD:2004-12-20:26,1.0,1.0,1.0,1.0
