member_id,score,constituency,date_of_birth,days_service,first_start_date,gender,list_name,party,maj_score
67,0.9805719418743272,Hertsmere,1956-09-14,4693,1992-04-09,M,"Clappison, Mr James",Conservative,0.9919606559852995
366,0.9410622221818744,Rushcliffe,1940-07-02,12518,1970-06-18,M,"Clarke, Mr Kenneth",Conservative,0.9583845721591973
249,0.9672581853882656,Cotswold,1953-03-23,4693,1992-04-09,M,"Clifton-Brown, Sir Geoffrey",Conservative,0.9866475917978064
498,0.9813664378471457,Westmorland and Lonsdale,1964-05-07,2868,1997-05-01,M,"Collins, Mr Tim",Conservative,0.9957387311258867
1202,0.9645265251584141,Old Bexley and Sidcup,1953-02-15,6398,1983-06-09,M,"Conway, Derek",Conservative,0.9804818256316234
282,0.9645339894663356,South Staffordshire,1939-05-18,12518,1970-06-18,M,"Cormack, L.",Conservative,0.9763755865650595
368,0.9934099895706557,Beverley and Holderness,1944-01-28,6433,1987-06-11,M,"Cran, Mr James",Conservative,0.9901653226582497
383,0.9560025587636012,Skipton and Ripon,1944-06-13,6433,1987-06-11,M,"Curry, Mr David",Conservative,0.9578947745527238
346,0.9770572548460349,Grantham and Stamford,1944-05-29,6433,1987-06-11,M,"Davies of Stamford, L.",Conservative,0.992371711140138
373,0.9754196449174258,Haltemprice and Howden,1948-12-23,6433,1987-06-11,M,"Davis, Mr David",Conservative,0.9954182457230982
4154,0.9726081908458584,Suffolk Coastal,1939-11-26,10674,1970-06-18,M,"Deben, L.",Conservative,0.9879308715955407
99,0.9785548463538127,East Surrey,1956-11-16,4693,1992-04-09,M,"Ainsworth, Mr Peter",Conservative,0.9930924943394951
44,0.9463869156377095,Southend West,1952-03-26,7872,1983-06-09,M,"Amess, Sir David",Conservative,0.963053688557778
56,0.9706484509803256,North East Hampshire,1952-08-04,6433,1987-06-11,M,"Arbuthnot of Edrom, L.",Conservative,0.9860408787659881
240,0.960631764214694,Bournemouth East,1940-03-24,9842,1977-11-24,M,"Atkinson, Mr David",Conservative,0.9809292778503451
515,0.9583958784533605,Hexham,1943-01-19,4693,1992-04-09,M,"Atkinson, Mr Peter",Conservative,0.9821696500226804
1451,0.9592533740732658,South Norfolk,1962-12-03,1394,2001-06-07,M,"Bacon, Mr Richard",Conservative,0.9821361343272343
93,0.9743026239142447,Banbury,1950-07-10,7872,1983-06-09,M,"Baldry, Sir Tony",Conservative,0.9879937971868049
1389,0.9676939513594361,Bexhill and Battle,1966-03-08,1394,2001-06-07,M,"Barker of Battle, L.",Conservative,0.994072613385918
1390,0.9740840099270786,Billericay,1959-06-21,1394,2001-06-07,M,"Baron, Mr John",Conservative,0.991365617924369
1441,0.9806912069594665,North West Norfolk,1955-03-29,6398,1983-06-09,M,"Bellingham, Sir Henry",Conservative,0.9940885901692443
17,0.9496634499497939,Buckingham,1963-01-19,2868,1997-05-01,M,"Bercow, John",Conservative,0.9738220193303809
103,0.9833645160451456,Mole Valley,1946-04-06,4693,1992-04-09,M,"Beresford, Sir Paul",Conservative,0.9905332386451353
497,0.9688041407516541,Penrith and The Border,1953-05-16,7823,1983-07-28,M,"Blencathra, L.",Conservative,0.9899529245219423
104,0.9544799697866557,Reigate,1960-07-15,2868,1997-05-01,M,"Blunt, Crispin",Conservative,0.9721997219367707
1425,0.9694490205020663,Huntingdon,1965-06-03,1394,2001-06-07,M,"Djanogly, Mr Jonathan",Conservative,0.9850714953469595
336,0.9756973462459911,Charnwood,1952-03-25,9343,1979-05-03,M,"Dorrell, Mr Stephen",Conservative,0.9705799225374228
343,0.9742686142347657,Rutland and Melton,1957-03-31,4693,1992-04-09,M,"Duncan, Sir Alan",Conservative,0.9913927274442296
1417,0.957354939406247,Galloway and Upper Nithsdale,1965-07-10,1394,2001-06-07,M,"Duncan, Mr Peter",Conservative,0.9666359069897013
152,0.9908498883679288,Chingford and Woodford Green,1954-04-09,4693,1992-04-09,M,"Duncan Smith, Mr Iain",Conservative,0.9932725980146923
474,0.43134921136319837,Ribble Valley,1957-11-10,4693,1992-04-09,M,"Evans, Mr Nigel",Conservative,0.45171673819742486
280,0.9671048474747106,Lichfield,1950-06-12,4693,1992-04-09,M,"Fabricant, Michael",Conservative,0.9831297457906899
88,0.9707776752972795,Sevenoaks,1952-05-14,6047,1983-06-09,M,"Fallon, Sir Michael",Conservative,0.9870992173693511
1405,0.9525361829943811,Cities of London and Westminster,1964-10-06,1394,2001-06-07,M,"Field, Mark",Conservative,0.9756918750924967
1459,0.9579058774136062,Taunton,1963-07-09,1394,2001-06-07,M,"Flook, Mr Adrian",Conservative,0.9902341403750177
149,0.9584846278643752,Bromley and Chislehurst,1944-09-09,7872,1983-06-09,M,"Forth, Mr Eric",Conservative,0.9878008668572975
223,0.984825758451786,Woodspring,1961-09-22,4693,1992-04-09,M,"Fox, Dr Liam",Conservative,0.9934206008583691
1444,0.9621869835406107,Rayleigh,1965-08-14,1394,2001-06-07,M,"Francois, Mr Mark",Conservative,0.9924478889558874
87,0.9429766870838069,North Thanet,1943-08-20,7872,1983-06-09,M,"Gale, Sir Roger",Conservative,0.9661851732808985
116,0.9919943665097934,Mid Sussex,1948-02-12,7872,1983-06-09,M,"Soames, Sir Nicholas",Conservative,0.9957824364476725
312,0.9873709992775744,Meriden,1958-05-04,2868,1997-05-01,F,"Spelman, Dame Caroline",Conservative,0.9946768615358973
270,0.975770245295144,West Worcestershire,1943-01-22,11187,1974-02-28,M,"Spicer, L.",Conservative,0.9918166677342898
1214,0.9358317032866361,Castle Point,1948-08-01,3219,1992-04-09,M,"Spink, Bob",Conservative,0.9764179242235452
91,0.9723911746105117,Tonbridge and Malling,1942-01-19,11187,1974-02-28,M,"Stanley, Sir John",Conservative,0.9890186471169726
239,0.9715324748888033,Totnes,1939-07-22,11187,1974-02-28,M,"Steen, Mr Anthony",Conservative,0.9815562205509837
234,0.9837501733967343,South West Devon,1955-10-02,4693,1992-04-09,M,"Streeter, Mr Gary",Conservative,0.9952666193225677
55,0.9498230492309535,New Forest West,1956-08-20,2868,1997-05-01,M,"Swayne, Sir Desmond",Conservative,0.9811208059063674
1408,0.9659434147556314,East Devon,1959-11-30,1394,2001-06-07,M,"Swire, Sir Hugo",Conservative,0.9892943296161282
245,0.9581221465292332,Poole,1956-08-15,2868,1997-05-01,M,"Syms, Sir Robert",Conservative,0.9834432464496318
348,0.9933226764759123,Louth and Horncastle,1930-02-01,15852,1959-10-08,M,"Tapsell, Sir Peter",Conservative,0.9926895565092989
101,0.9661270201017542,Esher and Walton,1945-04-18,6433,1987-06-11,M,"Taylor, Mr Ian",Conservative,0.9828363500653107
313,0.946761945689014,Solihull,1941-08-19,7872,1983-06-09,M,"Taylor, Mr John D.",Conservative,0.9650175096764001
42,0.942541593630174,Rochford and Southend East,1937-04-18,14234,1964-10-15,M,"Taylor, Sir Teddy",Conservative,0.9650960257738412
335,0.9776518381115173,Bosworth,1950-01-19,6433,1987-06-11,M,"Tredinnick, David",Conservative,0.9832443145798873
13,0.9866330829955823,Windsor,1952-04-19,4693,1992-04-09,M,"Trend, Mr Michael",Conservative,0.9900312134217713
1426,0.9449309435126603,Isle of Wight,1953-10-24,1394,2001-06-07,M,"Turner, Mr Andrew",Conservative,0.9788403735513195
112,0.9482276194245339,Chichester,1957-01-15,2868,1997-05-01,M,"Tyrie, Mr Andrew",Conservative,0.9699033054380447
52,0.9723794762293217,Gosport,1938-03-13,11187,1974-02-28,M,"Viggers, Sir Peter",Conservative,0.9877965569710078
244,0.9584603453814435,North Dorset,1948-05-30,2868,1997-05-01,M,"Walter, Mr Robert",Conservative,0.9757217743851258
25,0.9839972150289327,Eastbourne,1950-10-12,4693,1992-04-09,M,"Waterson, Mr Nigel",Conservative,0.9941044810558863
1462,0.9587803618726185,Upminster,1941-11-18,1394,2001-06-07,F,"Watkinson, Dame Angela",Conservative,0.9902589268207664
39,0.963911474726159,Maldon and East Chelmsford,1959-10-16,4693,1992-04-09,M,"Whittingdale, Mr John",Conservative,0.997302419376125
85,0.9414134378674431,Maidstone and The Weald,1947-10-04,6433,1987-06-11,F,"Widdecombe, Miss Ann",Conservative,0.9561373390557939
1428,0.964953770770944,Leominster,1966-06-04,1394,2001-06-07,M,"Wiggin, Bill",Conservative,0.9908619456366237
202,0.9596967329184789,Ruislip - Northwood,1940-09-23,10674,1970-06-18,M,"Wilkinson, Mr John",Conservative,0.9718313186596841
53,0.9874855050783703,Havant,1956-03-09,4693,1992-04-09,M,"Willetts, L.",Conservative,0.9929253772670634
107,0.9622204546354249,Spelthorne,1943-09-16,6433,1987-06-11,M,"Wilshire, Mr David",Conservative,0.9923849546971865
425,0.9616511300136511,Congleton,1941-03-06,7872,1983-06-09,F,"Winterton, Ann",Conservative,0.9860012784220618
430,0.9463034931403271,Macclesfield,1938-03-31,12049,1971-09-30,M,"Winterton, Sir Nicholas",Conservative,0.981558389641828
136,0.9887304936527114,South Suffolk,1945-03-20,7872,1983-06-09,M,"Yeo, Mr Tim",Conservative,0.9913383370963258
57,0.9565941739165299,North West Hampshire,1941-07-16,11187,1974-02-28,M,"Young of Cookham, L.",Conservative,0.9744687654573887
1414,0.9579481647195275,Fareham,1964-03-31,1394,2001-06-07,M,"Hoban, Mr Mark",Conservative,0.9833432933123267
196,0.9708367159133449,Orpington,1939-03-07,9339,1970-06-18,M,"Horam, L.",Conservative,0.9834480524738846
82,0.9913030036405824,Folkestone and Hythe,1941-07-07,7872,1983-06-09,M,"Howard of Lympne, L.",Conservative,0.9956742937924846
47,0.9670227818047785,Aldershot,1947-09-12,6047,1983-06-09,M,"Howarth, Sir Gerald",Conservative,0.9904229997938414
468,0.9728765514798686,Fylde,1946-09-17,6433,1987-06-11,M,"Jack, Mr Michael",Conservative,0.9915540447475855
40,0.9797429901473269,North Essex,1959-04-09,4693,1992-04-09,M,"Jenkin, Mr Bernard",Conservative,0.9983968325678286
1423,0.9946522601946107,Henley,1964-06-19,1394,2001-06-07,M,"Johnson, Boris",Conservative,0.9943957417873671
337,0.9661099974220311,Harborough,1952-10-26,4693,1992-04-09,M,"Garnier, Sir Edward",Conservative,0.9847699093943728
111,0.9710373105565321,Bognor Regis and Littlehampton,1960-09-03,2868,1997-05-01,M,"Gibb, Nick",Conservative,0.9824782978917952
18,0.9631845321412291,Chesham and Amersham,1952-04-21,4693,1992-04-09,F,"Gillan, Dame Cheryl",Conservative,0.9932206088185151
1471,0.9607728766771625,Wycombe,1959-11-17,1394,2001-06-07,M,"Goodman, Mr Paul",Conservative,0.9872820892880845
261,0.9652890273199075,North Wiltshire,1954-11-07,2868,1997-05-01,M,"Gray, James",Conservative,0.9944617852343174
1413,0.9736452431569389,Epsom and Ewell,1962-04-01,1394,2001-06-07,M,"Grayling, Chris",Conservative,0.9928141119029805
76,0.972538412044182,Ashford,1956-01-17,2868,1997-05-01,M,"Green, Damian",Conservative,0.9929617039563212
380,0.9860866505666136,Ryedale,1946-02-15,6433,1987-06-11,M,"Greenway, Mr John",Conservative,0.9950231473966483
16,0.9627063234026116,Beaconsfield,1956-05-24,2868,1997-05-01,M,"Grieve, Mr Dominic",Conservative,0.9945981944649992
379,0.9809193346445322,Richmond (Yorks),1961-03-26,5810,1989-02-23,M,"Hague of Richmond, L.",Conservative,0.9905793253985811
349,0.9425451348094492,Sleaford and North Hykeham,1945-02-05,9343,1979-05-03,M,"Hailsham, V.",Conservative,0.9737573823410732
105,0.9807729377458755,Runnymede and Weybridge,1955-12-04,2868,1997-05-01,M,"Hammond, Mr Philip",Conservative,0.9972203636917486
108,0.9743299578262407,Surrey Heath,1957-03-27,4693,1992-04-09,M,"Hawkins, Mr Nick",Conservative,0.9915540447475855
350,0.9670457631410473,South Holland and The Deepings,1958-06-23,2868,1997-05-01,M,"Hayes, Mr John",Conservative,0.9924892703862661
69,0.9789086395229003,North East Hertfordshire,1954-12-15,4693,1992-04-09,M,"Heald, Sir Oliver",Conservative,0.9928328985385284
257,0.9706688029713487,Wells,1949-03-21,7872,1983-06-09,M,"Heathcoat-Amory, Mr David",Conservative,0.9844237709715177
1220,0.9659669100598677,Wealden,1959-05-06,3219,1992-04-09,M,"Hendry, Charles",Conservative,0.9871328569590008
352,0.9664368449941926,Daventry,1942-12-02,6433,1987-06-11,M,"Boswell of Aynho, L.",Conservative,0.9908401364376658
117,0.9446590878299989,Worthing West,1944-07-30,10724,1975-06-26,M,"Bottomley, Sir Peter",Conservative,0.9694504927441381
106,0.9866074462010966,South West Surrey,1948-03-12,7543,1984-05-03,F,"Bottomley of Nettlestone, B.",Conservative,1.0
435,0.9726877933942908,Altrincham and Sale West,1967-05-20,2868,1997-05-01,M,"Brady, Sir Graham",Conservative,0.9972789912565627
77,0.9678694183098465,Canterbury,1953-07-24,6433,1987-06-11,M,"Brazier, Sir Julian",Conservative,0.9906390662619072
236,0.9712749227812836,Tiverton and Honiton,1946-12-04,4693,1992-04-09,F,"Browning, B.",Conservative,0.9829769750539951
46,0.9829600982682023,West Chelmsford,1952-09-06,6433,1987-06-11,M,"Burns, Sir Simon",Conservative,0.9984334763948497
1201,0.9654093159795594,North East Bedfordshire,1955-05-25,6398,1983-06-09,M,"Burt, Alistair",Conservative,0.9877307242114108
241,0.9773625218235338,Bournemouth West,1941-02-14,7872,1983-06-09,M,"Butterfill, Sir John",Conservative,0.991525761023144
1467,0.9726623589781292,Witney,1966-10-09,1394,2001-06-07,M,"Cameron, Mr David",Conservative,0.9926206828828724
288,0.9730035318146373,Stone,1940-05-10,7543,1984-05-03,M,"Cash, Sir William",Conservative,0.9956600269514306
153,0.9609188732252466,Chipping Barnet,1935-10-17,10674,1970-06-18,M,"Chapman, Sir Sydney",Conservative,0.9870143437994127
242,0.9641541502554617,Christchurch,1947-05-19,6047,1983-06-09,M,"Chope, Sir Christopher",Conservative,0.9854846789895827
262,0.9690121219729891,Salisbury,1945-04-22,7872,1983-06-09,M,"Key, Robert",Conservative,0.9826857917325502
265,0.9582887857749424,Bromsgrove,1960-06-05,2868,1997-05-01,F,"Kirkbride, Julie",Conservative,0.9778322131346667
1200,0.9680711682193571,East Yorkshire,1949-04-04,6398,1983-06-09,M,"Knight, Sir Greg",Conservative,0.987118161249866
36,0.9681209193265194,Epping Forest,1958-02-01,2868,1997-05-01,F,"Laing, Mrs Eleanor",Conservative,0.9893092400205625
142,0.9734860028630542,Beckenham,1947-12-16,4490,1992-04-09,F,"Lait, Mrs Jacqui",Conservative,0.9938481541452725
123,0.972321047557634,South Cambridgeshire,1956-12-11,2868,1997-05-01,M,"Lansley, L.",Conservative,0.9881612251162736
345,0.9580063456659431,Gainsborough,1950-07-20,7872,1983-06-09,M,"Leigh, Sir Edward",Conservative,0.9766356564572766
247,0.9790958375406162,West Dorset,1956-05-19,2868,1997-05-01,M,"Letwin, Sir Oliver",Conservative,0.9894391667068524
54,0.965531828733386,New Forest East,1951-09-26,2868,1997-05-01,M,"Lewis, Dr Julian",Conservative,0.997024242812469
1396,0.9572150740747724,Bridgwater,1959-02-23,1394,2001-06-07,M,"Liddell-Grainger, Mr Ian",Conservative,0.9923584214382916
15,0.9642336122232575,Aylesbury,1956-06-30,4693,1992-04-09,M,"Lidington, Mr David",Conservative,0.9901841871288541
68,0.9614394535823387,Hitchin and Harpenden,1943-08-23,7872,1983-06-09,M,"Lilley, Mr Peter",Conservative,0.9844237709715177
259,1.0,Devizes,1945-07-07,7807,1974-02-28,M,"Lothian, M.",Conservative,0.9978242727706247
114,0.9705341414004104,East Worthing and Shoreham,1962-05-30,2868,1997-05-01,M,"Loughton, Tim",Conservative,0.9945240123665161
268,0.9511255600140135,Mid Worcestershire,1955-02-18,4693,1992-04-09,M,"Luff, Sir Peter",Conservative,0.9875248404595545
384,0.9627196574165584,Vale of York,1954-09-20,2868,1997-05-01,F,"McIntosh of Pickering, B.",Conservative,0.9934258601702328
7,0.951510948118373,Bracknell,1949-08-27,8609,1977-03-31,M,"Mackay, Mr Andrew",Conservative,0.9722036369174866
333,0.9622932203986112,West Derbyshire,1957-11-30,6808,1986-05-08,M,"McLoughlin, Sir Patrick",Conservative,0.988911125042195
109,0.9844928229993068,Woking,1945-07-31,6047,1983-06-09,M,"Malins, Mr Humfrey",Conservative,0.993882474066359
4162,0.9795021515846888,Stratford-on-Avon,1943-04-22,6047,1983-06-09,M,"Maples, L.",Conservative,0.9910411231731604
49,0.9831603041173129,East Hampshire,1934-06-09,10983,1974-10-10,M,"Mates, Mr Michael",Conservative,0.9880807986564657
115,0.9845817728679332,Horsham,1953-07-04,6047,1983-06-09,M,"Maude of Horsham, L.",Conservative,0.9882594590620433
121,0.9550808613968144,North West Cambridgeshire,1940-07-26,9343,1979-05-03,M,"Mawhinney, L.",Conservative,0.9750425826775498
8,0.9827359855519935,Maidenhead,1956-10-01,2868,1997-05-01,F,"May, Mrs Theresa",Conservative,0.9954436294033027
1435,0.9663845040615902,Newark,1956-06-26,1394,2001-06-07,M,"Mercer, Patrick",Conservative,0.9904921977722096
1211,0.9666495395659308,Sutton Coldfield,1956-03-23,4959,1987-06-11,M,"Mitchell, Mr Andrew",Conservative,0.9919132262271007
120,0.9751689394192338,North East Cambridgeshire,1943-03-06,6433,1987-06-11,M,"Moss, Mr Malcolm",Conservative,0.9971554694588712
14,0.9732427044165624,Wokingham,1951-06-15,6433,1987-06-11,M,"Redwood, John",Conservative,0.9910848250113402
139,0.9810680273924193,West Suffolk,1946-09-24,4693,1992-04-09,M,"Risby, L.",Conservative,0.9939996359857447
334,0.9551276363838479,Blaby,1951-07-17,4693,1992-04-09,M,"Robathan, L.",Conservative,0.9786383144752243
1415,0.9545507986060402,Faversham and Mid Kent,1962-10-09,1394,2001-06-07,M,"Robertson, Sir Hugh",Conservative,0.9834537287247508
253,0.9566320268077662,Tewkesbury,1958-03-29,2868,1997-05-01,M,"Robertson, Mr Laurence",Conservative,0.9872656790807143
64,0.9863131933115742,Broxbourne,1936-07-15,7872,1983-06-09,F,"Roe, Dame Marion",Conservative,0.9964164492692642
1447,0.9580424077586251,Romford,1966-03-17,1394,2001-06-07,M,"Rosindell, Andrew",Conservative,0.9875704046442741
133,0.9704606999686233,Bury St Edmunds,1962-04-18,2868,1997-05-01,M,"Ruffley, Mr David",Conservative,0.9921561765121234
1453,0.9657655159227937,South West Bedfordshire,1962-04-27,1394,2001-06-07,M,"Selous, Andrew",Conservative,0.988502579044769
132,0.9862143083016846,South West Norfolk,1940-01-22,6433,1987-06-11,F,"Shephard of Northwold, B.",Conservative,0.9965077499248243
295,0.9541046505828444,Aldridge-Brownhills,1942-12-06,9343,1979-05-03,M,"Shepherd, Sir Richard",Conservative,0.9876987729723781
1393,0.9852987183558072,Boston and Skegness,1964-04-12,1394,2001-06-07,M,"Simmonds, Mark",Conservative,0.9939499778007991
126,0.9867154364088689,Mid Norfolk,1949-03-29,2868,1997-05-01,M,"Simpson, Mr Keith",Conservative,0.9934238889139121
1466,0.947899854578505,Westbury,1961-04-24,1394,2001-06-07,M,"Murrison, Dr Andrew",Conservative,0.9786219829113674
92,0.9733141257090705,Tunbridge Wells,1954-05-01,2868,1997-05-01,M,"Norman, Mr Archie",Conservative,0.9770445011161561
427,0.9700958488508129,Eddisbury,1957-04-01,2056,1999-07-22,M,"O'Brien, Mr Stephen",Conservative,0.9985977410184077
1458,0.9595411586324235,Tatton,1971-05-23,1394,2001-06-07,M,"Osborne, Mr George",Conservative,0.9853968138502945
157,0.9703744282748308,Croydon South,1945-05-24,6132,1983-06-09,M,"Ottaway, Sir Richard",Conservative,0.9799220213987789
70,0.969599533249238,South West Hertfordshire,1941-02-22,10003,1976-11-04,M,"Page, Mr Richard",Conservative,0.9798653039451032
124,0.978969241114759,South East Cambridgeshire,1949-04-24,6433,1987-06-11,M,"Paice, Sir James",Conservative,0.995424618121258
274,0.9703687431580358,North Shropshire,1956-06-24,2868,1997-05-01,M,"Paterson, Mr Owen",Conservative,0.9924582770040911
33,0.9834871272051346,Brentwood and Ongar,1952-04-20,4693,1992-04-09,M,"Pickles, Sir Eric",Conservative,0.9947195833534261
187,0.9706447096522405,Kensington and Chelsea,1953-05-26,6381,1984-12-13,M,"Portillo, Mr Michael",Conservative,0.9780198246938833
1424,0.9782760711969672,Hertford and Stortford,1962-06-12,1394,2001-06-07,M,"Prisk, Mr Mark",Conservative,0.994426599625895
209,0.9522585300976644,Uxbridge,1955-08-05,2777,1997-07-31,M,"Randall, Sir John",Conservative,0.9823986111780874
122,0.924533817455243,Peterborough,1954-12-23,2868,1997-05-01,F,"Clark, Mrs Helen",Labour,0.9752963736859915
83,0.9277546246224933,Gillingham,1957-04-29,2868,1997-05-01,M,"Clark, Paul",Labour,0.994875857366331
599,0.9341349074429851,"Edinburgh, Pentlands",1949-02-26,2868,1997-05-01,F,"Clark of Calton, B.",Labour,0.9944195087857244
130,0.9403579085215289,Norwich South,1950-09-21,2868,1997-05-01,M,"Clarke, Mr Charles",Labour,0.989751714732662
583,0.9306190031458421,Coatbridge and Chryston,1941-01-10,8195,1982-06-24,M,"Clarke, Mr Tom",Labour,0.9896658652225692
355,0.9096696504058255,Northampton South,1963-09-06,2868,1997-05-01,M,"Clarke, Mr Tony",Labour,0.956944627294031
528,0.9390626878609507,Tyne Bridge,1943-06-27,6962,1985-12-05,M,"Clelland, Mr David",Labour,0.9909481536966556
553,0.919296040361498,Cynon Valley,1937-03-21,7543,1984-05-03,F,"Clwyd, Ann",Labour,0.9690712006162648
360,0.9287884984448905,Gedling,1953-06-17,2868,1997-05-01,M,"Coaker, Vernon",Labour,0.9950437671249485
458,0.9305951948283204,Stockport,1946-08-31,4693,1992-04-09,F,"Coffey, Ann",Labour,0.9978068669527898
192,0.9048606133285204,Leyton and Wanstead,1949-12-10,7872,1983-06-09,M,"Cohen, Harry",Labour,0.9590363080262444
174,0.9118629957441695,Hammersmith and Fulham,1958-01-18,2868,1997-05-01,M,"Coleman, Mr Iain",Labour,0.9506970090162025
198,0.9159017544584565,Putney,1943-07-24,2868,1997-05-01,M,"Colman, Mr Tony",Labour,0.9748277412084901
602,0.9021268062441489,Falkirk East,1947-09-03,4693,1992-04-09,M,"Connarty, Michael",Labour,0.9483784660785022
504,0.9074798886547986,Stockton North,1935-11-03,7872,1983-06-09,M,"Cook, Frank",Labour,0.9534938304721029
623,0.9234337927777353,Livingston,1946-02-28,11187,1974-02-28,M,"Cook, Mr Robin",Labour,0.9771208176893112
420,0.9329505760783342,Pontefract and Castleford,1969-03-20,2868,1997-05-01,F,"Cooper, Yvette",Labour,0.9960696540372574
185,0.7419922749024037,Islington North,1949-05-26,7872,1983-06-09,M,"Corbyn, Jeremy",Labour,0.7751079784657163
215,0.9349588410824811,Bristol East,1942-05-05,4693,1992-04-09,F,"Corston, B.",Labour,0.9927857465552292
521,0.9119554298095235,Newcastle upon Tyne Central,1944-02-23,6433,1987-06-11,M,"Cousins, Jim",Labour,0.9596850542792223
205,0.9026399227788454,Tooting,1930-01-19,12518,1970-06-18,M,"Cox, Tom",Labour,0.9608369098712445
309,0.9311804041662127,Dudley North,1948-07-23,2868,1997-05-01,M,"Cranston, Sir Ross",Labour,0.9906142665597276
437,0.9139929897907926,Bolton North East,1946-06-17,2868,1997-05-01,M,"Crausby, Sir David",Labour,0.964714443547359
1406,0.9290173141351356,Dagenham,1962-04-07,1394,2001-06-07,M,"Cruddas, Jon",Labour,0.9882970488409268
412,0.9166065579030397,Keighley,1939-12-14,2868,1997-05-01,F,"Cryer, Mrs Ann",Labour,0.9666109552107405
181,0.8969489877512291,Hornchurch,1964-04-11,2868,1997-05-01,M,"Cryer, John",Labour,0.9439096407363095
509,0.9354341203745532,Easington,1943-07-06,6433,1987-06-11,M,"Cummings, John",Labour,0.9775293745162879
308,0.9273391207412611,Coventry South,1941-02-04,4693,1992-04-09,M,"Cunningham, Mr Jim",Labour,0.9864202288098433
1469,0.931790830879437,Workington,1952-09-16,1394,2001-06-07,M,"Cunningham, Sir Tony",Labour,0.9870854049682476
496,0.9461687898506641,Copeland,1939-08-04,12518,1970-06-18,M,"Cunningham of Felling, L.",Labour,0.9907851552638222
480,0.930486419903046,Crosby,1958-04-30,2868,1997-05-01,F,"Curtis-Thomas, Mrs Claire",Labour,0.9875390167772141
1395,0.9809745320394965,Not serving on 2005-04-01,1957-07-20,741,2001-06-07,M,"Daisley, Mr Paul",Labour,1.0
622,0.882770318093624,Linlithgow,1932-08-09,15383,1962-06-14,M,"Dalyell, Tam",Labour,0.9260252742012399
596,0.9381079428231041,Edinburgh Central,1953-11-28,6433,1987-06-11,M,"Darling of Roulanish, L.",Labour,0.9961388502689958
218,0.9216982394463014,Bristol West,1940-04-16,2868,1997-05-01,F,"Davey, Valerie",Labour,0.9796093001808959
1398,0.9311155813114428,Caerphilly,1957-07-01,1394,2001-06-07,M,"David, Wayne",Labour,0.9853435823090441
611,0.9083655356317373,"Glasgow, Pollok",1950-09-08,4693,1992-04-09,M,"Davidson, Mr Ian",Labour,0.9554351043362439
539,0.8504677337678516,Llanelli,1938-10-09,12518,1970-06-18,M,"Davies, Denzil",Labour,0.8900816372519896
155,0.9309568828717788,Croydon Central,1960-05-03,2868,1997-05-01,M,"Davies, Geraint",Labour,0.9916716466561634
299,0.9114093656075358,Not serving on 2005-04-01,1938-01-05,10067,1971-05-01,M,"Davis, Mr Terry",Labour,0.9568480766173899
470,0.905598183184422,Lancaster and Wyre,1953-09-30,2868,1997-05-01,M,"Dawson, Mr Hilton",Labour,0.9538419097003519
278,0.9284091856801581,Burton,1949-01-28,2868,1997-05-01,F,"Dean, Mrs Janet",Labour,0.9894897777290241
172,0.8597953857658284,Hackney North and Stoke Newington,1953-09-27,6433,1987-06-11,F,"Abbott, Ms Diane",Labour,0.8965503279617784
631,0.9305713924195028,Paisley North,1947-12-27,5166,1990-11-29,F,"Adams of Craigielea, B.",Labour,0.9827188656738443
537,0.9229079974939496,Carmarthen West and South Pembrokeshire,1949-10-24,4693,1992-04-09,M,"Ainger, Nick",Labour,0.9880083855255816
306,0.9261085774887479,Coventry North East,1952-06-19,4693,1992-04-09,M,"Ainsworth, Mr Bob",Labour,0.99649285760041
632,0.9359003427989723,Paisley South,1967-10-26,2679,1997-11-06,M,"Alexander, Mr Douglas",Labour,0.994899690587883
364,0.9253263491456019,Nottingham North,1953-01-11,6433,1987-06-11,M,"Allen, Mr Graham",Labour,0.9825015980275774
475,0.9345990470508868,Rossendale and Darwen,1949-12-06,4693,1992-04-09,F,"Anderson, Janet",Labour,0.9901337202246323
568,0.9345594537722398,Swansea East,1939-06-17,12503,1966-03-31,M,"Anderson of Swansea, L.",Labour,0.9890343347639485
4150,0.9305720261043219,North West Durham,1945-11-30,6433,1987-06-11,F,"Armstrong of Hill Top, B.",Labour,0.9941360078951597
224,0.9347571234853818,Falmouth and Camborne,1955-09-21,2868,1997-05-01,F,"Atherton, Ms Candy",Labour,0.9927667115857179
284,0.935704061526439,Staffordshire Moorlands,1950-09-24,2868,1997-05-01,F,"Atkins, Charlotte",Labour,1.0
168,0.9021542094025982,Erith and Thamesmead,1944-08-21,4693,1992-04-09,M,"Austin, John",Labour,0.9503611861742524
320,0.9271613153673014,West Bromwich West,1945-12-11,1566,2000-11-23,M,"Bailey, Mr Adrian",Labour,0.990209227467811
1445,0.9324721847082319,Redcar,1950-02-13,1394,2001-06-07,F,"Baird, Vera",Labour,0.9905000424935196
331,0.8456403204940357,North East Derbyshire,1936-07-22,6433,1987-06-11,M,"Barnes, Mr Harry",Labour,0.8933893657606103
392,0.9324231245015876,Rother Valley,1946-10-26,7872,1983-06-09,M,"Barron, Sir Kevin",Labour,0.9902835877655239
417,0.9341358085986845,Leeds West,1951-04-26,6433,1987-06-11,M,"Battle, John",Labour,0.9835440221559936
385,0.936397812403341,City of York,1952-01-09,4693,1992-04-09,M,"Bayley, Sir Hugh",Labour,1.0
144,0.9276162585881346,Bexleyheath and Crayford,1936-10-10,2868,1997-05-01,M,"Beard, Mr Nigel",Labour,0.9919370108558445
328,0.9378038747642212,Derby South,1943-01-15,9512,1974-10-10,F,"Beckett, Margaret",Labour,0.9914163090128756
572,0.9360222726873235,Aberdeen South,1955-12-06,2868,1997-05-01,F,"Begg, Dame Anne",Labour,0.9870823315282116
501,0.9195060663142602,Middlesbrough,1938-05-16,7872,1983-06-09,M,"Bell, Sir Stuart",Labour,0.9832585263571733
413,0.9384198083275872,Leeds Central,1953-11-26,2098,1999-06-10,M,"Benn, Hilary",Labour,0.9916292631785865
443,0.8735364690989225,Denton and Reddish,1939-03-09,11187,1974-02-28,M,"Bennett, Andrew",Labour,0.9151909201553683
479,0.9265966274174984,Bootle,1933-09-28,5187,1990-11-08,M,"Benton, Mr Joe",Labour,0.9782319300525031
219,0.9100289323419029,Kingswood,1948-07-04,4693,1992-04-09,M,"Berry, Roger",Labour,0.9591572288047743
416,0.8983679784388878,Leeds North West,1937-12-18,2868,1997-05-01,M,"Best, Mr Harold",Labour,0.9435102093900377
394,0.9316967020068543,"Sheffield, Attercliffe",1950-01-13,4693,1992-04-09,M,"Betts, Mr Clive",Labour,0.984293969062947
322,0.9336980586675222,Wolverhampton South East,1942-08-26,6433,1987-06-11,M,"Bilston, L.",Labour,0.9887210300429184
329,0.9350361745650928,Erewash,1949-09-26,2868,1997-05-01,F,"Blackman, Liz",Labour,0.9964319961270981
512,0.9070438898488026,Sedgefield,1953-05-06,7872,1983-06-09,M,"Blair, Mr Tony",Labour,0.9718829096511499
456,0.934855541958251,Salford,1956-05-14,2868,1997-05-01,F,"Blears, Hazel",Labour,0.9935267619621891
138,0.9297769962129717,Waveney,1950-05-31,2868,1997-05-01,M,"Blizzard, Mr Bob",Labour,0.9874102580527537
395,0.930009189930416,"Sheffield, Brightside",1947-06-06,6433,1987-06-11,M,"Blunkett, L.",Labour,0.9784986956155852
147,0.9417510888012012,Brent South,1951-06-14,6433,1987-06-11,M,"Boateng, L.",Labour,0.9936122338430767
61,0.9329923362153245,"Southampton, Itchen",1953-07-15,4693,1992-04-09,M,"Denham, Mr John",Labour,0.9913882210188076
1420,0.9357266621463918,Gloucester,1971-09-17,1394,2001-06-07,M,"Dhanda, Mr Parmjit",Labour,0.9937977006583419
179,0.9050541777889126,Hendon,1954-09-02,2868,1997-05-01,M,"Dismore, Mr Andrew",Labour,0.9614488331545065
446,0.902595885570281,Heywood and Middleton,1941-05-26,2868,1997-05-01,M,"Dobbin, Jim",Labour,0.9492691643883737
180,0.9221536192559203,Holborn and St Pancras,1940-03-15,9343,1979-05-03,M,"Dobson, Frank",Labour,0.9749196983165277
586,0.9261499766196212,Cunninghame South,1948-09-10,4693,1992-04-09,M,"Donohoe, Mr Brian H.",Labour,0.9779649752939863
570,0.9369114857981097,Aberdeen Central,1949-04-13,4608,1987-06-11,M,"Doran, Mr Frank",Labour,0.9858590483474129
189,0.923196329836332,Lewisham West,1951-03-05,4693,1992-04-09,M,"Dowd, Jim",Labour,0.9896874621604531
252,0.897533515309852,Stroud,1952-04-13,2868,1997-05-01,M,"Drew, Dr David",Labour,0.9451030526355367
263,0.9087263694984267,South Swindon,1962-08-23,2868,1997-05-01,F,"Drown, Julia",Labour,0.9709074187614959
426,0.8213393537976509,Crewe and Nantwich,1930-12-12,12707,1966-03-31,F,"Dunwoody, Mrs Gwyneth",Labour,0.8548207701142477
491,0.928389412282837,Wallasey,1961-02-17,4693,1992-04-09,F,"Eagle, Ms Angela",Labour,0.9914235020500155
483,0.9284221539962314,"Liverpool, Garston",1961-02-17,2868,1997-05-01,F,"Eagle, Maria",Labour,0.9903915310089362
543,0.9336073077804873,Monmouth,1953-04-12,3173,1991-05-16,M,"Edwards, Mr Huw",Labour,0.9870687909952223
165,0.9165411684053489,Eltham,1958-07-10,2868,1997-05-01,M,"Efford, Clive",Labour,0.9672666709371596
484,0.928464666258111,"Liverpool, Riverside",1945-11-14,2868,1997-05-01,F,"Ellman, Mrs Louise",Labour,0.9855238742758395
387,0.9347950526149789,Barnsley East and Mexborough,1952-11-13,2985,1996-12-12,M,"Ennis, Jeff",Labour,0.9932808423798705
526,0.8970457202738825,Sunderland North,1941-07-17,4693,1992-04-09,M,"Etherington, Bill",Labour,0.9442423801556702
1436,0.9276040428661905,Newcastle-under-Lyme,1962-03-02,1394,2001-06-07,M,"Farrelly, Paul",Labour,0.9879498184219213
478,0.8945160471110357,Birkenhead,1942-07-16,9343,1979-05-03,M,"Field, Frank",Labour,0.9438416066078223
285,0.8522764698006831,Stoke-on-Trent Central,1944-10-29,7872,1983-06-09,M,"Fisher, Mark",Labour,0.8963980094262618
197,0.9192037049339871,Poplar and Canning Town,1952-04-04,2868,1997-05-01,M,"Fitzpatrick, Jim",Labour,0.9899742489270387
455,0.9297875880069202,Rochdale,1967-08-06,2868,1997-05-01,F,"Fitzsimons, Mrs Lorna",Labour,0.9923743635354301
389,0.9365229776811,Don Valley,1961-09-20,2868,1997-05-01,F,"Flint, Caroline",Labour,0.9958930092748871
545,0.9010097961094065,Newport West,1935-02-09,6433,1987-06-11,M,"Flynn, Paul",Labour,0.9486456449000342
72,0.9329710790142436,Stevenage,1942-12-25,2868,1997-05-01,F,"Follett, Barbara",Labour,0.9896689560360215
271,0.9361537172121328,Worcester,1963-03-14,2868,1997-05-01,M,"Foster, Mr Michael",Labour,0.996489114652278
26,0.9279686947268251,Hastings and Rye,1946-02-26,2868,1997-05-01,M,"Foster, Michael Jabez",Labour,0.9903172933897999
506,0.9420022515081644,Bishop Auckland,1937-06-25,9343,1979-05-03,M,"Foster of Bishop Auckland, L.",Labour,0.9958146315892933
579,0.9340244988730214,"Carrick, Cumnock and Doon Valley",1942-01-21,9343,1979-05-03,M,"Foulkes of Cumnock, L.",Labour,0.988661793699799
1382,0.9281325992477262,Aberavon,1946-06-06,1394,2001-06-07,M,"Francis, Dr Hywel",Labour,0.9882230325627132
184,0.9266357772523603,Ilford South,1952-09-04,4693,1992-04-09,M,"Gapes, Mike",Labour,0.9919958647912032
186,0.9326309893916079,Islington South and Finsbury,1951-07-24,7872,1983-06-09,M,"Smith of Finsbury, L.",Labour,0.9841993296310497
160,0.9301749910945628,"Ealing, Acton and Shepherd's Bush",1939-05-07,9343,1979-05-03,M,"Soley, L.",Labour,0.9936394053155153
433,0.9402687756941012,Warrington South,1956-11-13,2868,1997-05-01,F,"Southworth, Helen",Labour,0.9927089991781571
318,0.928252349438432,Warley,1947-08-05,4890,1982-10-28,M,"Spellar, John",Labour,0.9904784382899697
592,0.9305763578803846,Dunfermline West,1954-07-13,4693,1992-04-09,F,"Squire, Rachel",Labour,0.9820234996130303
19,0.93042051591524,Milton Keynes South West,1947-01-04,2868,1997-05-01,F,"Starkey, Dr Phyllis",Labour,0.9951532971332369
508,0.9177745138860259,City of Durham,1945-04-20,6433,1987-06-11,M,"Steinberg, Mr Gerry",Labour,0.9634477825464949
287,0.9335468449229133,Stoke-on-Trent South,1938-08-30,4693,1992-04-09,M,"Stevenson, Mr George",Labour,0.9733473414401526
619,0.9360332062887371,"Inverness East, Nairn and Lochaber",1956-05-05,2868,1997-05-01,M,"Stewart, Mr David",Labour,0.9861194110936056
444,0.9265854060205717,Eccles,1950-08-28,2868,1997-05-01,M,"Stewart, Ian",Labour,0.9883619118957
356,0.9298444425348449,Wellingborough,1962-04-25,2868,1997-05-01,M,"Stinchcombe, Mr Paul",Labour,0.9845372523110906
79,0.9353216145240384,Dartford,1954-04-14,2868,1997-05-01,M,"Stoate, Dr Howard",Labour,0.993697893542499
597,0.9258589481917382,Edinburgh East and Musselburgh,1943-07-10,12518,1970-06-18,M,"Strang, Dr Gavin",Labour,0.9740559970755879
3748,0.9297413932336929,West Ham,1943-04-08,7872,1983-06-09,M,"Stratford, L.",Labour,0.9799220213987789
463,0.904487504635419,Blackburn,1946-08-03,9343,1979-05-03,M,"Straw, Mr Jack",Labour,0.9620001699740789
449,0.9362760515737707,"Manchester, Blackley",1950-02-17,2868,1997-05-01,M,"Stringer, Graham",Labour,0.98692834607623
296,0.9313234246904423,"Birmingham, Edgbaston",1955-11-26,2868,1997-05-01,F,"Stuart, Ms Gisela",Labour,0.9827928220261675
403,0.9219999868314082,Bradford South,1953-05-13,3902,1994-06-09,M,"Sutcliffe, Mr Gerry",Labour,0.9905584678164377
1383,0.9349541522275969,Alyn and Deeside,1962-10-03,1394,2001-06-07,M,"Tami, Mark",Labour,0.9908401364376658
505,0.9337145229431136,Stockton South,1944-12-13,2868,1997-05-01,F,"Taylor, Ms Dari",Labour,0.9948698642170518
342,0.8996886605619416,North West Leicestershire,1946-08-22,2868,1997-05-01,M,"Taylor, David",Labour,0.941887027550879
407,0.939085176749243,Dewsbury,1947-07-02,9544,1974-10-10,F,"Taylor of Bolton, B.",Labour,0.9948678633840631
177,0.9287538456517032,Harrow West,1967-07-15,2868,1997-05-01,M,"Thomas, Gareth",Labour,0.9878832428330921
532,0.9315747843456751,Clwyd West,1954-09-25,2868,1997-05-01,M,"Thomas, Gareth",Labour,0.9912740064434603
163,0.935086187364401,East Ham,1955-07-29,3902,1994-06-09,M,"Timms, Stephen",Labour,0.9951118877105268
367,0.9307073148592918,Sherwood,1949-10-24,4693,1992-04-09,M,"Tipping, Paddy",Labour,0.987144589406739
332,0.934723027155311,South Derbyshire,1954-12-29,2868,1997-05-01,M,"Todd, Mr Mark",Labour,0.9906504681300413
542,0.93574552712301,Islwyn,1947-12-05,3650,1995-02-16,M,"Touhig, L.",Labour,0.9911770509594988
410,0.9230604689025952,Hemsworth,1950-07-02,3300,1996-02-01,M,"Trickett, Jon",Labour,0.9731119082698096
421,0.9351352584982209,Pudsey,1955-11-17,2868,1997-05-01,M,"Truswell, Mr Paul",Labour,0.9828455297149614
23,0.9154349269699563,"Brighton, Kemptown",1939-07-17,2868,1997-05-01,M,"Turner, Dr Desmond",Labour,0.970093640265314
460,0.9330267259380985,Wigan,1945-09-16,1993,1999-09-23,M,"Turner, Mr Neil",Labour,0.9927138436969757
429,0.9326729780322173,Halton,1959-07-09,2868,1997-05-01,M,"Twigg, Derek",Labour,0.9949871244635192
167,0.9297934100692824,"Enfield, Southgate",1966-12-25,2868,1997-05-01,M,"Twigg, Stephen",Labour,0.9913085876596684
618,0.9184191012860813,Hamilton South,1940-08-18,1993,1999-09-23,M,"Tynan, Mr Bill",Labour,0.9728764464125934
338,0.9282275855826683,Leicester East,1956-11-26,6433,1987-06-11,M,"Vaz, Keith",Labour,0.9887723564135991
170,0.8919441397781834,Finchley and Golders Green,1941-04-04,2868,1997-05-01,M,"Vis, Dr Rudi",Labour,0.9577663512229103
286,0.92576243473281,Stoke-on-Trent North,1949-01-23,6433,1987-06-11,F,"Walley, Joan",Labour,0.9793619851266283
73,0.9225589643355837,Watford,1972-05-09,2868,1997-05-01,F,"Ward, Claire",Labour,0.9899166296679985
487,0.8528829565339704,"Liverpool, West Derby",1930-08-20,7872,1983-06-09,M,"Wareing, Mr Robert N.",Labour,0.8918878075318865
1463,0.9297764435878064,West Bromwich East,1967-01-08,1394,2001-06-07,M,"Watson, Tom",Labour,0.9946639098608022
489,0.9326018297368932,St Helens North,1951-08-26,2868,1997-05-01,M,"Watts, L.",Labour,0.9906575802035769
20,0.9234753873519614,North East Milton Keynes,1957-05-05,2868,1997-05-01,M,"White, Brian",Labour,0.9852581542845222
62,0.9317691430784527,"Southampton, Test",1950-09-15,2868,1997-05-01,M,"Whitehead, Dr Alan",Labour,0.9931033551974519
156,0.9329377194754909,Croydon North,1947-07-01,4693,1992-04-09,M,"Wicks, Malcolm",Labour,0.9947968373731666
569,0.9290577490351272,Swansea West,1930-10-14,14549,1964-10-15,M,"Williams, Mr Alan",Labour,0.9782319300525031
548,0.9214851976964743,Conwy,1944-07-31,2868,1997-05-01,F,"Williams, Mrs Betty",Labour,0.9770987335365017
260,0.43134921136319837,North Swindon,1952-05-20,2868,1997-05-01,M,"Wills, L.",Labour,0.45171673819742486
585,0.9527736175761111,Cunninghame North,1948-12-13,6433,1987-06-11,M,"Wilson, Mr Brian",Labour,0.991365617924369
316,0.9217033713401938,Walsall North,1933-06-26,10863,1966-03-31,M,"Winnick, Mr David",Labour,0.9785220920294965
390,0.9344480813860143,Doncaster Central,1958-08-10,2868,1997-05-01,F,"Winterton, Dame Rosie",Labour,0.9933782214758142
401,0.8942858135374916,Batley and Spen,1946-03-03,2868,1997-05-01,M,"Wood, Mike",Labour,0.9326669678488064
98,0.9424629641484609,St Helens South,1958-10-26,2868,1997-05-01,M,"Woodward, Mr Shaun",Labour,0.9971331594154114
453,0.9288982708036599,Oldham East and Saddleworth,1959-12-11,2868,1997-05-01,M,"Woolas, Mr Phil",Labour,0.9962953833661987
581,0.9369093178605318,Clydebank and Milngavie,1941-10-11,6433,1987-06-11,M,"Worthington, Tony",Labour,0.9879663481634551
606,0.9182005408468881,"Glasgow, Baillieston",1938-04-28,6433,1987-06-11,M,"Wray, Mr Jimmy",Labour,0.9638494552657642
125,0.9261191964324843,Great Yarmouth,1954-08-12,2868,1997-05-01,M,"Wright, Mr Anthony",Labour,0.9841241661525625
1461,0.9320595150407976,Telford,1966-12-22,1394,2001-06-07,M,"Wright, David",Labour,0.9921513643504742
1478,0.9141451807335788,Hartlepool,1972-05-09,183,2004-09-30,M,"Wright, Mr Iain",Labour,0.9836333354685798
279,0.9198279090624981,Cannock Chase,1948-03-11,4693,1992-04-09,M,"Wright, Dr Tony",Labour,0.9722388221872112
89,0.9280832251183392,Sittingbourne and Sheppey,1949-12-04,2868,1997-05-01,M,"Wyatt, Derek",Labour,0.9819989079572341
493,0.9385362107639798,Wirral West,1957-05-27,2868,1997-05-01,M,"Hesford, Stephen",Labour,0.992133669127653
340,0.9378964661109246,Leicester West,1948-12-02,2868,1997-05-01,F,"Hewitt, Ms Patricia",Labour,0.9924720833619782
1386,0.9359176923788646,Ashton-under-Lyne,1946-04-02,1394,2001-06-07,M,"Heyes, David",Labour,0.9898230485048245
203,0.9287155954345591,Streatham,1943-07-28,4693,1992-04-09,M,"Hill, Keith",Labour,0.9965298527734014
423,0.9012751846651867,Wakefield,1948-10-14,6433,1987-06-11,M,"Hinchliffe, Mr David",Labour,0.9521280644537996
140,0.9331586796009401,Barking,1944-09-08,3902,1994-06-09,F,"Hodge, Dame Margaret",Labour,0.9877576305179647
210,0.8187323589718816,Vauxhall,1946-06-21,5698,1989-06-15,F,"Hoey, Kate",Labour,0.8507105543227996
582,0.9193602174635934,Clydesdale,1948-05-16,6433,1987-06-11,M,"Hood, Mr Jim",Labour,0.971190370479996
357,0.9426359514487345,Ashfield,1953-12-06,4693,1992-04-09,M,"Hoon, Mr Geoffrey",Labour,0.9977936287251404
351,0.9324603659007978,Corby,1955-04-19,2868,1997-05-01,M,"Hope, Phil",Labour,0.9941485244204634
2,0.8691020524246783,Luton North,1941-08-22,2868,1997-05-01,M,"Hopkins, Kelvin",Labour,0.9112470119339814
481,0.9286216916017707,Knowsley North and Sefton East,1949-06-29,6619,1986-11-13,M,"Howarth, Mr George",Labour,0.9831667419622017
544,0.9358083339160247,Newport East,1944-06-11,7872,1983-06-09,M,"Howarth of Newport, L.",Labour,0.9944407273834972
556,0.9377532709985885,Pontypridd,1946-11-27,5810,1989-02-23,M,"Howells, Dr Kim",Labour,0.9933136187585052
467,0.43134921136319837,Chorley,1957-06-10,2868,1997-05-01,M,"Hoyle, Sir Lindsay",Labour,0.45171673819742486
391,0.9269609572941936,Doncaster North,1952-12-15,4693,1992-04-09,M,"Hughes, Mr Kevin",Labour,0.9852276012364072
459,0.9378561186378291,Stretford and Urmston,1950-03-30,2868,1997-05-01,F,"Hughes of Stretford, B.",Labour,0.9956657449659876
464,0.9341105221332014,Blackpool North and Fleetwood,1951-03-03,2868,1997-05-01,F,"Humble, Mrs Joan",Labour,0.990076321053347
32,0.909910614396009,Braintree,1945-09-02,2868,1997-05-01,M,"Hurst, Mr Alan",Labour,0.9596850542792223
494,0.9346505281761093,Barrow and Furness,1955-05-06,4693,1992-04-09,M,"Hutton of Furness, L.",Labour,0.9917654578953304
438,0.9050524474630516,Bolton South East,1940-07-05,2868,1997-05-01,M,"Iddon, Dr Brian",Labour,0.95704172381753
386,0.9113188587981064,Barnsley Central,1955-04-09,6433,1987-06-11,M,"Illsley, Mr Eric",Labour,0.9628049043500765
593,0.9364610435669757,East Kilbride,1947-02-01,6433,1987-06-11,M,"Ingram, Mr Adam",Labour,0.9867427190583141
1476,0.9209681810811569,Ogmore,1963-01-22,1142,2002-02-14,M,"Irranca-Davies, Huw",Labour,0.9839597981919459
175,0.8879083917215346,Hampstead and Highgate,1936-05-09,4693,1992-04-09,F,"Jackson, Glenda",Labour,0.9402708178483228
399,0.9359248491306885,"Sheffield, Hillsborough",1939-05-19,4693,1992-04-09,F,"Jackson, Helen",Labour,0.9937481954184427
97,0.0,Wantage,1946-09-24,7872,1983-06-09,M,"Jackson, Mr Robert",Labour,0.0
232,0.9344221556476497,"Plymouth, Devonport",1947-05-18,4693,1992-04-09,M,"Jamieson, Mr David",Labour,0.9973640227797952
289,0.9242965269403796,Tamworth,1942-09-19,3230,1996-04-11,M,"Jenkins, Mr Brian",Labour,0.9860713259126366
376,0.9403380408065447,Kingston upon Hull West and Hessle,1950-05-17,2868,1997-05-01,M,"Johnson, Alan",Labour,1.0
74,0.9239116761571055,Welwyn Hatfield,1955-02-05,2868,1997-05-01,F,"Johnson, Miss Melanie",Labour,0.9959685054279223
432,0.9268713047476125,Warrington North,1954-12-24,2868,1997-05-01,F,"Jones, Helen",Labour,0.9783126521907509
560,0.9237490291021302,Cardiff Central,1954-04-19,4693,1992-04-09,M,"Jones, Mr Jon Owen",Labour,0.9732200977525733
1438,0.919851328129673,North Durham,1964-04-25,1394,2001-06-07,M,"Jones, Mr Kevan",Labour,0.9866597746520054
303,0.8294901555982964,"Birmingham, Selly Oak",1951-04-26,4693,1992-04-09,F,"Jones, Lynne",Labour,0.8701074566801879
531,0.9262974819149944,Clwyd South,1947-03-01,6433,1987-06-11,M,"Jones, Mr Martyn",Labour,0.9784458668578839
159,0.9426273755268666,Dulwich and West Norwood,1947-09-17,4693,1992-04-09,F,"Jowell, B.",Labour,1.0
603,0.9356882417015598,Falkirk West,1960-10-13,1538,2000-12-21,M,"Joyce, Eric",Labour,0.9974409182646321
451,0.9335134009283281,"Manchester, Gorton",1930-06-21,12518,1970-06-18,M,"Kaufman, Sir Gerald",Labour,0.9906008583690986
354,0.930975534085429,Northampton North,1951-10-13,2868,1997-05-01,F,"Keeble, Ms Sally",Labour,0.9890966396800623
169,0.9334083137665442,Feltham and Heston,1937-11-25,4693,1992-04-09,M,"Keen, Alan",Labour,0.9868988467908584
148,0.9377657164113511,Brentford and Isleworth,1948-11-26,2868,1997-05-01,F,"Keen, Ann",Labour,0.9942588140125385
146,0.9356801852331338,Brent North,1957-03-10,2868,1997-05-01,M,"Gardiner, Barry",Labour,0.9953271312914552
317,0.9374526615276064,Walsall South,1942-06-01,11187,1974-02-28,M,"George, Mr Bruce",Labour,0.9911567215838294
211,0.8750949740839729,Walthamstow,1942-07-03,4693,1992-04-09,M,"Gerrard, Mr Neil",Labour,0.9259076673239763
129,0.9038049547846551,Norwich North,1938-09-26,2868,1997-05-01,M,"Gibson, Dr Ian",Labour,0.952041416816323
233,0.9303653715838464,"Plymouth, Sutton",1949-07-19,2868,1997-05-01,F,"Gilroy, Linda",Labour,0.9964965925763414
304,0.9411285815028011,"Birmingham, Sparkbrook and Small Heath",1946-06-28,4693,1992-04-09,M,"Godsiff, Mr Roger",Labour,0.9858608900967817
462,0.9379826669353672,Wythenshawe and Sale East,1953-06-16,2868,1997-05-01,M,"Goggins, Paul",Labour,0.9975078033554428
10,0.9182433312349925,Reading East,1954-04-17,2868,1997-05-01,F,"Griffiths, Jane",Labour,0.979113018597997
600,0.9344036527755697,Edinburgh South,1955-05-20,6433,1987-06-11,M,"Griffiths, Nigel",Labour,0.9895232497744729
551,0.9268079430281538,Bridgend,1943-02-11,6433,1987-06-11,M,"Griffiths, Mr Win",Labour,0.9874963908368855
382,0.927847874671106,Selby,1961-02-24,2868,1997-05-01,M,"Grogan, John",Labour,0.9814769168309941
567,0.9323611232471505,Neath,1950-02-16,5040,1991-04-04,M,"Hain, L.",Labour,0.9919012812141421
434,0.9292579267311928,Weaver Vale,1952-09-20,4693,1992-04-09,M,"Hall, Mr Mike",Labour,0.9876030506067248
1,0.930257736303406,Bedford,1951-10-20,2868,1997-05-01,M,"Hall, Patrick",Labour,0.985297432085741
1432,0.9106368310289203,Midlothian,1950-10-24,1394,2001-06-07,M,"Hamilton, Mr David",Labour,0.9623727173272741
415,0.9387667946250345,Leeds North East,1955-04-12,2868,1997-05-01,M,"Hamilton, Fabian",Labour,0.9828363500653107
533,0.9308297415993133,Delyn,1957-07-05,4693,1992-04-09,M,"Hanson, David",Labour,0.9934271736846844
150,0.9355559824428344,Camberwell and Peckham,1950-07-30,8069,1982-10-28,F,"Harman, Ms Harriet",Labour,0.9940187280530628
1418,0.9263257678519004,"Glasgow, Cathcart",1964-02-20,1394,2001-06-07,M,"Harris, Mr Tom",Labour,0.9886431545311318
1430,0.927135012916097,Merthyr Tydfil and Rhymney,1950-02-07,1394,2001-06-07,M,"Havard, Mr Dai",Labour,0.977404083756015
400,0.9346906367630918,Wentworth,1960-02-13,2868,1997-05-01,M,"Healey, John",Labour,0.9962659482737621
522,0.9307698221854175,Newcastle upon Tyne North,1949-06-09,6433,1987-06-11,M,"Henderson, Mr Doug",Labour,0.9775227945381081
38,0.9343301024169149,Harwich,1958-06-07,2868,1997-05-01,M,"Henderson, Mr Ivan",Labour,0.9905570159431203
473,0.9265408028169448,Preston,1958-11-02,1566,2000-11-23,M,"Hendrick, Sir Mark",Labour,0.9915369728056933
520,0.9382995463847602,Jarrow,1959-12-06,2868,1997-05-01,M,"Hepburn, Mr Stephen",Labour,0.9910432139262123
363,0.9317040907938013,Nottingham East,1948-11-03,4693,1992-04-09,M,"Heppell, Mr John",Labour,0.9987084022101235
476,0.9311788132418188,South Ribble,1952-08-02,2868,1997-05-01,M,"Borrow, Mr David S.",Labour,0.9846340996692272
452,0.9399001836978843,"Manchester, Withington",1950-05-17,6433,1987-06-11,M,"Bradley, L.",Labour,0.9908182228884737
277,0.9328652936269285,The Wrekin,1953-04-12,2868,1997-05-01,M,"Bradley, Peter",Labour,0.9920125227208783
230,0.9337039735729581,Exeter,1960-08-30,2868,1997-05-01,M,"Bradshaw, Mr Ben",Labour,0.995825254351757
1400,0.9277747364841274,Cardiff West,1959-10-16,1394,2001-06-07,M,"Brennan, Kevin",Labour,0.9828661480686696
591,0.954057603008217,Dunfermline East,1951-02-20,7872,1983-06-09,M,"Brown, Mr Gordon",Labour,1.0
523,0.9385839325493193,Newcastle upon Tyne East and Wallsend,1950-06-13,7872,1983-06-09,M,"Brown, Mr Nicholas",Labour,0.9943693631650569
588,0.9420548418599765,Dumfries,1951-09-17,2868,1997-05-01,M,"Brown, Mr Russell",Labour,0.9956427820254099
620,0.93753443829067,Kilmarnock and Loudoun,1952-03-22,2868,1997-05-01,M,"Browne of Ladyton, L.",Labour,1.0
1446,0.9291233123905147,Rhondda,1962-01-11,1394,2001-06-07,M,"Bryant, Chris",Labour,0.9890099123469417
199,0.9250567970454077,Regent's Park and Kensington North,1958-08-30,2868,1997-05-01,F,"Buck, Ms Karen",Labour,0.9809292778503451
301,0.9288259442167812,"Birmingham, Northfield",1954-09-01,4693,1992-04-09,M,"Burden, Richard",Labour,0.9878309510327419
408,0.9200127046213156,Elmet,1948-04-22,2868,1997-05-01,M,"Burgon, Colin",Labour,0.9670313332772307
1427,0.9301604850622724,Leigh,1970-01-07,1394,2001-06-07,M,"Burnham, Andy",Labour,0.9938807671673819
524,0.9345208322347416,North Tyneside,1953-04-13,4693,1992-04-09,M,"Byers, Mr Stephen",Labour,1.0
1171,0.9093937993187472,"Birmingham, Hodge Hill",1970-10-02,260,2004-07-15,M,"Byrne, Liam",Labour,0.9902958714725207
396,0.9417049704879688,Sheffield Central,1943-10-06,7872,1983-06-09,M,"Caborn, Mr Richard",Labour,0.9952114998969206
1421,0.9323812241418621,Greenock and Inverclyde,1966-08-07,1394,2001-06-07,M,"Cairns, David",Labour,0.9940403993282327
529,0.9343827447050551,Tynemouth,1957-07-08,2868,1997-05-01,M,"Campbell, Mr Alan",Labour,0.9975658900696889
118,0.9300555917167552,Cambridge,1940-04-06,4693,1992-04-09,F,"Campbell, Mrs Anne",Labour,0.9891904723850532
514,0.9186786796216776,Blyth Valley,1943-08-14,6433,1987-06-11,M,"Campbell, Mr Ronnie",Labour,0.9640688153673069
135,0.8259336435360196,Not serving on 2005-04-01,1946-06-28,3429,1992-04-09,M,"Cann, Mr Jamie",Labour,0.7806866952789699
27,0.9332821121676245,Hove,1958-11-08,2868,1997-05-01,M,"Caplin, Mr Ivor",Labour,0.994072613385918
213,0.9298753332835002,Wimbledon,1960-05-22,2868,1997-05-01,M,"Casale, Roger",Labour,0.9889235704686348
566,0.9165033509014436,Gower,1951-06-15,2868,1997-05-01,M,"Caton, Martin",Labour,0.9681444361857721
369,0.9300232632066641,Brigg and Goole,1960-04-14,2868,1997-05-01,M,"Cawsey, Mr Ian",Labour,0.9851815334647952
1434,0.9219410546646202,Morley and Rothwell,1953-06-12,1394,2001-06-07,M,"Challen, Colin",Labour,0.9805207618586336
492,0.9320284886577453,Wirral South,1940-07-08,2908,1997-02-27,M,"Chapman, Ben",Labour,0.985325752117206
440,0.9171823360956717,Bury North,1949-08-03,2868,1997-05-01,M,"Chaytor, Mr David",Labour,0.9717743494567529
388,0.9027924705692509,Barnsley West and Penistone,1943-05-15,4693,1992-04-09,M,"Clapham, Mr Michael",Labour,0.9511430756809586
439,0.9115130609826858,Bolton West,1968-05-09,2868,1997-05-01,F,"Kelly, Ruth",Labour,0.9894813762723726
519,0.9312345081457823,Houghton and Washington East,1958-09-01,2868,1997-05-01,M,"Kemp, Mr Fraser",Labour,0.9955363642187035
486,0.9317168001574232,"Liverpool, Wavertree",1958-05-04,4693,1992-04-09,F,"Kennedy, Jane",Labour,0.994611466714471
162,0.9271858336530588,"Ealing, Southall",1924-11-20,4693,1992-04-09,M,"Khabra, Mr Piara S",Labour,0.9872045913231603
283,0.9246649181713986,Stafford,1955-03-21,2868,1997-05-01,M,"Kidney, Mr David",Labour,0.9877912634011572
485,0.9138800687245087,"Liverpool, Walton",1946-06-09,4949,1991-07-04,M,"Kilfoyle, Mr Peter",Labour,0.9641175875783654
292,0.9219801520536115,Rugby and Kenilworth,1948-09-14,2868,1997-05-01,M,"King, Andy",Labour,0.975018268646885
143,0.9269813017592197,Bethnal Green and Bow,1967-10-22,2868,1997-05-01,F,"King of Bow, B.",Labour,0.988502579044769
4160,0.9331209407297265,South Dorset,1965-03-06,1394,2001-06-07,M,"Knight of Weymouth, L.",Labour,0.9938395139123305
502,0.9369566536160459,Middlesbrough South and East Cleveland,1956-05-28,2998,1991-11-07,M,"Kumar, Dr Ashok",Labour,0.991064067910086
90,0.9307849563249758,South Thanet,1952-11-06,2868,1997-05-01,M,"Ladyman, Dr Stephen",Labour,0.9965040387132672
206,0.9343383000499237,Tottenham,1972-07-19,1720,2000-06-22,M,"Lammy, Mr David",Labour,0.9986154463085793
540,0.9330758279818998,Preseli Pembrokeshire,1948-08-09,2868,1997-05-01,F,"Lawrence, Mrs Jackie",Labour,0.98548661954052
327,0.9341528498534487,Derby North,1944-09-07,2868,1997-05-01,M,"Laxton, Mr Bob",Labour,0.9973608507253786
1411,0.9240607626953743,Edinburgh North and Leith,1953-08-08,1394,2001-06-07,M,"Lazarowicz, Mark",Labour,0.9839827361720596
24,0.9321694801764886,"Brighton, Pavilion",1945-09-15,2868,1997-05-01,M,"Lepper, David",Labour,0.990905253951142
422,0.9356219434825933,Shipley,1972-06-28,2868,1997-05-01,M,"Leslie, Mr Chris",Labour,0.9952374960972632
330,0.9315003194966459,High Peak,1954-04-10,2868,1997-05-01,M,"Levitt, Tom",Labour,0.9965040387132672
441,0.9447997288871093,Bury South,1967-03-04,2868,1997-05-01,M,"Lewis, Mr Ivan",Labour,0.9967748043423378
461,0.8639155305031058,Worsley,1935-12-29,7872,1983-06-09,M,"Lewis, Mr Terry",Labour,0.8954745948036684
573,0.950643842281231,Airdrie and Shotts,1950-12-06,3881,1994-06-30,F,"Liddell of Coatdyke, B.",Labour,0.9981158650797163
141,0.9276378200064074,Battersea,1944-08-11,2868,1997-05-01,M,"Linton, Martin",Labour,0.9966602034814056
450,0.921041411884515,Manchester Central,1950-02-25,7872,1983-06-09,M,"Lloyd, Tony",Labour,0.9733627565116157
164,0.9292033172824826,Edmonton,1949-03-21,2868,1997-05-01,M,"Love, Mr Andrew",Labour,0.991979137235908
1470,0.93702509702337,Wrexham,1960-09-18,1394,2001-06-07,M,"Lucas, Ian C.",Labour,0.9860713259126366
1407,0.9227781954195106,Dundee East,1951-10-08,1394,2001-06-07,M,"Luke, Mr Iain",Labour,0.9834688463778117
1457,0.9331008676811922,Strathkelvin and Bearsden,1949-07-11,1394,2001-06-07,M,"Lyons, Mr John",Labour,0.9828904514047422
4158,0.9211551997486219,"Glasgow, Rutherglen",1943-12-14,6433,1987-06-11,M,"McAvoy, L.",Labour,0.9857160673277886
298,0.9290864663515785,"Birmingham, Hall Green",1955-08-04,2868,1997-05-01,M,"McCabe, Steve",Labour,0.9886300706077806
405,0.9078936853778024,Calder Valley,1945-10-14,2868,1997-05-01,F,"McCafferty, Chris",Labour,0.9527482478684258
448,0.9462940694600673,Makerfield,1951-04-25,6433,1987-06-11,M,"McCartney, Sir Ian",Labour,0.9982454935622317
193,0.9388612283938425,Mitcham and Morden,1960-02-20,2868,1997-05-01,F,"McDonagh, Siobhain",Labour,0.9963243580214352
641,0.9325399940044414,Western Isles,1956-05-07,6433,1987-06-11,M,"MacDonald, Dr Calum",Labour,0.9887819281472618
178,0.791217916728936,Hayes and Harlington,1951-09-08,2868,1997-05-01,M,"McDonnell, John",Labour,0.8203285019840715
1402,0.9331956208162108,Central Fife,1947-12-08,1394,2001-06-07,M,"MacDougall, Mr John",Labour,0.9930065910484365
4148,0.9262613254205857,Dumbarton,1944-10-04,6433,1987-06-11,M,"McFall of Alcluith, L.",Labour,0.9851997156323231
636,0.9291703779131876,Stirling,1949-05-26,2868,1997-05-01,F,"McGuire, Dame Anne",Labour,0.988965368315923
370,0.9287922468517007,Cleethorpes,1960-04-03,2868,1997-05-01,F,"McIsaac, Shona",Labour,0.9967748043423378
1419,0.9322644647620272,"Glasgow, Maryhill",1961-04-22,1394,2001-06-07,F,"McKechin, Ann",Labour,0.9880807986564657
584,0.9287991031265583,Cumbernauld and Kilsyth,1941-05-08,2868,1997-05-01,F,"McKenna, Rosemary",Labour,0.9885774320457796
45,0.8959148913876017,Thurrock,1949-04-24,4693,1992-04-09,M,"Mackinlay, Andrew",Labour,0.9417872092407142
375,0.8680801156238303,Kingston upon Hull North,1934-09-05,14080,1966-01-27,M,"McNamara, Mr Kevin",Labour,0.9072318993045534
176,0.9230297137198347,Harrow East,1958-11-03,2868,1997-05-01,M,"McNulty, Mr Tony",Labour,0.9904170216414031
393,0.9371820677766072,Rotherham,1948-05-21,3937,1994-05-05,M,"MacShane, Mr Denis",Labour,0.9918166677342898
12,0.9319209656219956,Slough,1953-09-12,2868,1997-05-01,F,"Mactaggart, Fiona",Labour,0.9927952265203341
65,0.9117578226637292,Hemel Hempstead,1945-03-20,2868,1997-05-01,M,"McWalter, Mr Tony",Labour,0.9682861739558021
517,0.9265274778218429,Blaydon,1941-05-16,9343,1979-05-03,M,"McWilliam, Mr John",Labour,0.9812921721694658
1392,0.9393207977514236,"Birmingham, Perry Barr",1961-07-13,1394,2001-06-07,M,"Mahmood, Mr Khalid",Labour,0.9939499778007991
409,0.8612562370116924,Halifax,1937-09-28,6433,1987-06-11,F,"Mahon, Alice",Labour,0.9031603589543503
324,0.9310514146410156,Amber Valley,1951-07-10,2868,1997-05-01,F,"Mallaber, Judy",Labour,0.9902201424873565
1387,0.9250777253445037,Bassetlaw,1960-01-10,1394,2001-06-07,M,"Mann, John",Labour,0.9828852493528738
1468,0.9320830780412487,Wolverhampton South West,1955-04-08,1394,2001-06-07,M,"Marris, Rob",Labour,0.9824348611779494
465,0.9356857454713202,Blackpool South,1953-11-28,2868,1997-05-01,M,"Marsden, Gordon",Labour,0.9965151487597294
613,0.9243191709421775,"Glasgow, Shettleston",1941-05-07,9343,1979-05-03,M,"Marshall, Mr David",Labour,0.9768447491244764
339,0.879548469650851,Not serving on 2005-04-01,1941-03-13,9235,1974-10-10,M,"Marshall, Mr Jim",Labour,0.9200420243204577
86,0.8179791563091935,Medway,1944-04-10,2868,1997-05-01,M,"Marshall-Andrews, Mr Robert",Labour,0.8532287883790028
495,0.9223488495888651,Carlisle,1949-01-03,6433,1987-06-11,M,"Martlew, Mr Eric",Labour,0.9726143636144395
454,0.9422264066061328,Oldham West and Royton,1939-11-04,12518,1970-06-18,M,"Meacher, Mr Michael",Labour,0.9901210223098633
361,0.9171465201376053,Mansfield,1949-07-31,6433,1987-06-11,M,"Meale, Sir Alan",Labour,0.9725858369098711
347,0.9320977262021112,Lincoln,1959-04-12,2868,1997-05-01,F,"Merron, Gillian",Labour,1.0
562,0.9281550757842294,Cardiff South and Penarth,1943-08-22,6433,1987-06-11,M,"Michael, Alun",Labour,0.9909160169642176
507,0.9421489877740978,Darlington,1958-01-27,4693,1992-04-09,M,"Milburn, Mr Alan",Labour,0.9980242044619727
1452,0.939309748635263,South Shields,1965-07-15,1394,2001-06-07,M,"Miliband, David",Labour,0.9943909640736308
428,0.9315532844867596,Ellesmere Port and Neston,1949-03-23,4693,1992-04-09,M,"Miller, Andrew",Labour,0.9884450313634862
372,0.9162549552690281,Great Grimsby,1934-09-19,10052,1977-04-28,M,"Mitchell, Austin",Labour,0.9566431687536678
1410,0.9272474914689847,East Lothian,1958-03-30,1394,2001-06-07,F,"Moffat, Anne",Labour,0.991555593327573
113,0.9310456409042935,Crawley,1954-04-09,2868,1997-05-01,F,"Moffatt, Laura",Labour,0.9939416214165461
1475,0.9278113753259136,Ipswich,1958-03-16,1226,2001-11-22,M,"Mole, Chris",Labour,0.9861194110936056
621,0.9305779750480272,Kirkcaldy,1947-02-25,6433,1987-06-11,M,"Moonie, L.",Labour,0.9799102316286079
3,0.9326144041260035,Luton South,1955-04-24,2868,1997-05-01,F,"Moran, Margaret",Labour,0.9970403062790684
561,0.9158442710809999,Cardiff North,1944-11-02,2868,1997-05-01,F,"Morgan, Julie",Labour,0.9653384144837452
377,0.9339523249518402,Scunthorpe,1952-07-06,6433,1987-06-11,M,"Morley, Mr Elliot",Labour,0.9920653652416415
305,0.9434344290800478,"Birmingham, Yardley",1952-06-17,4693,1992-04-09,F,"Morris of Yardley, B.",Labour,0.9953925776319111
406,0.9327609425485881,Colne Valley,1954-01-12,2868,1997-05-01,F,"Mountford, Kali",Labour,0.9882405734734032
341,0.9415227133903068,Loughborough,1964-09-17,2868,1997-05-01,M,"Reed, Mr Andy",Labour,0.9935798212903678
617,0.9334616421464346,Hamilton North and Bellshill,1947-05-08,6433,1987-06-11,M,"Reid of Cardowan, L.",Labour,0.9914664083766136
605,0.9269084219463886,"Glasgow, Anniesland",1952-04-17,1566,2000-11-23,M,"Robertson, John",Labour,0.9844825491942667
307,0.9355017627715528,Coventry North West,1938-05-25,10472,1976-03-04,M,"Robinson, Mr Geoffrey",Labour,0.9880250145628143
182,0.9364648834515887,Hornsey and Wood Green,1954-04-13,4693,1992-04-09,F,"Roche, Mrs Barbara",Labour,0.9955302994961747
402,0.9351244144823536,Bradford North,1950-11-11,5187,1990-11-08,M,"Rooney, Mr Terry",Labour,0.9891429057068797
590,0.936088890448668,Dundee West,1942-07-27,9343,1979-05-03,M,"Ross, Mr Ernie",Labour,0.9962100235359268
626,0.9261301693491752,Motherwell and Wishaw,1958-08-29,2868,1997-05-01,M,"Roy, Mr Frank",Labour,0.9795924344242216
534,0.9347435622437978,Vale of Clwyd,1958-07-18,2868,1997-05-01,M,"Ruane, Chris",Labour,0.9892096775045003
190,0.9316552426894866,"Lewisham, Deptford",1943-12-28,6433,1987-06-11,F,"Ruddock, Dame Joan",Labour,0.9846275720989932
424,0.9392121859006914,City of Chester,1945-03-25,2868,1997-05-01,F,"Russell, Christine",Labour,0.9943329895420921
166,0.9317927615566258,Enfield North,1955-09-08,2868,1997-05-01,F,"Ryan, Joan",Labour,0.9947153420549149
11,0.9212937242552552,Reading West,1954-04-19,2868,1997-05-01,M,"Salter, Martin",Labour,0.9804930986906325
608,0.937820425275151,"Glasgow, Govan",1952-08-18,2868,1997-05-01,M,"Sarwar, Mr Mohammad",Labour,0.9903386209373994
571,0.9329240871271655,Aberdeen North,1946-05-09,2868,1997-05-01,M,"Savidge, Mr Malcolm",Labour,0.9856030653355997
353,0.9217571638960451,Kettering,1950-06-26,2868,1997-05-01,M,"Sawford, Phil",Labour,0.9716099281914523
173,0.8582897574702825,Hackney South and Shoreditch,1937-03-17,9716,1974-02-28,M,"Sedgemore, Mr Brian",Labour,0.9000665976024863
78,0.9265676364090244,Chatham and Aylesford,1966-06-03,2868,1997-05-01,M,"Shaw, Jonathan",Labour,0.9797182517212364
411,0.9032057858695514,Huddersfield,1940-08-17,9343,1979-05-03,M,"Sheerman, Mr Barry",Labour,0.9596630842815543
1464,0.9247432629088802,West Renfrewshire,1952-11-24,1394,2001-06-07,M,"Sheridan, Jim",Labour,0.9886835240082027
314,0.9318230494399291,Stourbridge,1957-06-22,2868,1997-05-01,F,"Shipley, Ms Debra",Labour,0.9862929184549355
300,0.9089260769010497,"Birmingham, Ladywood",1946-02-15,7872,1983-06-09,F,"Short, Clare",Labour,0.9560116580788764
1391,0.9271511848000904,"Birmingham, Erdington",1968-12-23,1394,2001-06-07,M,"Simon, Mr Sin",Labour,0.9895232497744729
365,0.8380443008307631,Nottingham South,1948-09-20,4693,1992-04-09,M,"Simpson, Alan",Labour,0.8735324121861853
404,0.9343361225107528,Bradford West,1954-10-11,2868,1997-05-01,M,"Singh, Mr Marsha",Labour,0.9865863422188972
325,0.8446811622691158,Bolsover,1932-02-11,12518,1970-06-18,M,"Skinner, Mr Dennis",Labour,0.8909297468499688
95,0.9351248243628512,Oxford East,1951-02-01,6433,1987-06-11,M,"Smith, Mr Andrew",Labour,0.9985300716841753
471,0.9163497642072517,Morecambe and Lunesdale,1961-08-29,2868,1997-05-01,F,"Smith, Geraldine",Labour,0.9650876070632224
269,0.9328964049435906,Redditch,1962-11-03,2868,1997-05-01,F,"Smith, Jacqui",Labour,0.9935722947033695
681,0.94218535682112,Vale of Glamorgan,1951-03-17,3915,1989-05-04,M,"Smith, John",Labour,0.9951191401026476
541,0.8832182422727495,Blaenau Gwent,1944-04-16,4693,1992-04-09,M,"Smith, Llew",Labour,0.9271927375926119
4170,0.9259072836978763,Basildon,1959-01-07,2868,1997-05-01,F,"Smith of Basildon, B.",Labour,0.9834480524738846
414,0.9085655539716427,Leeds East,1945-02-06,4693,1992-04-09,M,"Mudie, Mr George",Labour,0.9570908751632767
527,0.923606270249851,Sunderland South,1947-12-12,6433,1987-06-11,M,"Mullin, Mr Chris",Labour,0.9712151287553646
1448,0.9280175177053634,"Sheffield, Heeley",1959-08-24,1394,2001-06-07,F,"Munn, Meg",Labour,0.9937051290263769
516,0.9376695276856036,Wansbeck,1948-11-02,2868,1997-05-01,M,"Murphy, Mr Denis",Labour,0.9816802728753317
595,0.927008858301487,Eastwood,1967-08-23,2868,1997-05-01,M,"Murphy, Mr Jim",Labour,0.9897036007173224
546,0.9434098394747075,Torfaen,1948-11-25,6433,1987-06-11,M,"Murphy of Torfaen, L.",Labour,0.9926895565092989
216,0.9243430565578621,Bristol North West,1941-04-01,2868,1997-05-01,M,"Naysmith, Dr Doug",Labour,0.9809085262484413
221,0.9290584869971243,Wansdyke,1960-01-28,2868,1997-05-01,M,"Norris, Dan",Labour,0.9981874933494129
419,0.9283949319566831,Normanton,1929-01-25,7872,1983-06-09,M,"O'Brien, Sir Bill",Labour,0.9824080236854789
290,0.9277775857088028,North Warwickshire,1954-06-19,4693,1992-04-09,M,"O'Brien, Mr Mike",Labour,0.9835788706947648
482,0.9272734297488723,Knowsley South,1937-10-01,5229,1990-09-27,M,"O'Hara, Mr Edward",Labour,0.9849096349962594
291,0.9238631917842443,Nuneaton,1942-05-09,4693,1992-04-09,M,"Olner, Mr Bill",Labour,0.985325752117206
629,0.9297967217993783,Ochil,1945-01-06,9343,1979-05-03,M,"O'Neill of Clackmannan, L.",Labour,0.9783023366714353
250,0.9295900194454925,Forest of Dean,1952-02-21,2868,1997-05-01,F,"Organ, Diana",Labour,0.9782714691491713
576,0.9334103371081819,Ayr,1956-02-23,2868,1997-05-01,F,"Osborne, Sandra",Labour,0.988709739782701
1474,0.9276265010520038,Ynys Mn,1959-08-10,1394,2001-06-07,M,"Owen, Albert",Labour,0.9732200977525733
359,0.9337837837178364,Broxtowe,1950-02-05,2868,1997-05-01,M,"Palmer, Dr Nick",Labour,0.9884975539481977
310,0.9254115952552066,Dudley South,1959-04-05,3713,1994-12-15,M,"Pearson, Ian",Labour,0.9763020987040144
183,0.9232821870950654,Ilford North,1947-06-29,2868,1997-05-01,F,"Perham, Linda",Labour,0.983652104579281
477,0.9268163194047552,West Lancashire,1944-09-13,4693,1992-04-09,M,"Pickthall, Mr Colin",Labour,0.9849046889572545
466,0.9219037483720425,Burnley,1937-06-26,7872,1983-06-09,M,"Pike, Mr Peter",Labour,0.9872492264697076
294,0.9279312937775767,Warwick and Leamington,1954-06-23,2868,1997-05-01,M,"Plaskitt, Mr James",Labour,0.9864760552073363
71,0.9131026227535975,St Albans,1944-04-27,2868,1997-05-01,M,"Pollard, Mr Kerry",Labour,0.966896104947769
84,0.9318609628021269,Gravesham,1952-09-25,2868,1997-05-01,M,"Pond, Mr Chris",Labour,0.9949756402125767
469,0.9297869077811699,Hyndburn,1960-08-29,4693,1992-04-09,M,"Pope, Mr Greg",Labour,0.9835102778405239
161,0.9170829685773965,Ealing North,1948-07-03,2868,1997-05-01,M,"Pound, Stephen",Labour,0.9804930986906325
555,0.9521874760524695,Not serving on 2005-04-01,1928-06-19,8132,1979-05-03,M,"Powell, Sir Raymond",Labour,0.9651883643299951
191,0.9268141623971017,Lewisham East,1952-12-28,4693,1992-04-09,F,"Prentice, Bridget",Labour,0.9902635602787555
472,0.8971081920480708,Pendle,1951-01-28,4693,1992-04-09,M,"Prentice, Mr Gordon",Labour,0.9445110915766068
374,0.9411682792613547,Kingston upon Hull East,1938-05-31,12518,1970-06-18,M,"Prescott, L.",Labour,0.9904853230055951
217,0.43134921136319837,Bristol South,1954-05-02,6433,1987-06-11,F,"Primarolo, B.",Labour,0.45171673819742486
80,0.9223201912860965,Dover,1943-04-27,2868,1997-05-01,M,"Prosser, Gwyn",Labour,0.9826857917325502
321,0.9286143794753478,Wolverhampton North East,1939-01-08,4693,1992-04-09,M,"Purchase, Mr Ken",Labour,0.9830365399663291
1455,0.930888146629527,Stalybridge and Hyde,1970-03-02,1394,2001-06-07,M,"Purnell, James",Labour,0.9904527790233382
518,0.9368454819391862,Gateshead East and Washington West,1944-11-26,6433,1987-06-11,F,"Quin, B.",Labour,0.9914107060814218
381,0.9231265057178637,Scarborough and Whitby,1956-12-25,2868,1997-05-01,M,"Quinn, Lawrie",Labour,0.9887184514032391
37,0.938167590855969,Harlow,1959-10-10,2868,1997-05-01,M,"Rammell, Bill",Labour,0.9962187361254994
58,0.9283839255567832,Portsmouth North,1942-04-17,2868,1997-05-01,M,"Rapson, Syd",Labour,0.9919115219544402
171,0.937834550338642,Greenwich and Woolwich,1945-01-28,5096,1986-04-10,M,"Raynsford, Mr Nick",Labour,0.9984684825089314
3786,0.9209844826026956,Weston-Super-Mare,1936-08-24,2868,1997-05-01,M,"Cotter, L.",Liberal Democrat,0.979113018597997
188,0.9250916808301143,Kingston and Surbiton,1965-12-25,2868,1997-05-01,M,"Davey, Sir Edward",Liberal Democrat,0.9800382307596149
397,0.43134921136319837,"Sheffield, Hallam",1966-02-11,2868,1997-05-01,M,"Allan of Hallam, L.",Liberal Democrat,0.45171673819742486
28,0.9479709337519335,Lewes,1957-07-26,2868,1997-05-01,M,"Baker, Norman",Liberal Democrat,0.9834688463778117
1412,0.9162199148144864,Edinburgh West,1954-02-11,1394,2001-06-07,M,"Barrett, John",Liberal Democrat,0.9755037701691358
513,0.9159034682085819,Berwick-upon-Tweed,1943-04-20,11279,1973-11-08,M,"Beith, L.",Liberal Democrat,0.9627524958014554
1422,0.9162721776687264,Guildford,1948-04-13,1394,2001-06-07,F,"Doughty, Sue",Liberal Democrat,0.9678268990629294
214,0.9238112746733097,Bath,1947-03-31,4693,1992-04-09,M,"Foster of Bath, L.",Liberal Democrat,0.9837453080879509
445,0.9134746106847771,Hazel Grove,1942-11-24,2868,1997-05-01,M,"Stunell, L.",Liberal Democrat,0.9800196882086949
228,0.9324794378532894,Truro and St Austell,1963-01-03,6500,1987-03-12,M,"Taylor of Goss Moor, L.",Liberal Democrat,0.9834082094090005
1170,0.9225801696657323,Brent East,1974-06-01,561,2003-09-18,F,"Teather, Sarah",Liberal Democrat,0.9763087479468022
1399,0.923674740978998,"Caithness, Sutherland and Easter Ross",1953-09-10,1394,2001-06-07,M,"Thurso, V.",Liberal Democrat,0.9760574994846036
200,0.9317435410198122,Richmond Park,1941-02-19,2868,1997-05-01,F,"Tonge, B.",Liberal Democrat,0.977750824158736
225,0.9193961223370033,North Cornwall,1941-10-29,4897,1974-02-28,M,"Tyler, L.",Liberal Democrat,0.9743192851614718
220,0.9270509594580616,Northavon,1965-07-18,2868,1997-05-01,M,"Webb, Steve",Liberal Democrat,0.9878008668572975
1394,0.9103651577975508,Brecon and Radnorshire,1948-01-22,1394,2001-06-07,M,"Williams, Roger",Liberal Democrat,0.9623795474747915
4151,0.930904365452351,Harrogate and Knaresborough,1941-11-30,2868,1997-05-01,M,"Willis of Knaresborough, L.",Liberal Democrat,0.9875212913387749
1460,0.9208954307949407,Teignbridge,1953-01-29,1394,2001-06-07,M,"Younger-Ross, Richard",Liberal Democrat,0.973964202651833
1404,0.9027662006900873,Chesterfield,1957-01-16,1394,2001-06-07,M,"Holmes, Paul",Liberal Democrat,0.9682920523294897
194,0.9319963547045864,North Southwark and Bermondsey,1951-05-17,7950,1983-02-24,M,"Hughes, Simon",Liberal Democrat,0.9767746878510256
248,0.9583907053875598,Cheltenham,1948-03-30,4693,1992-04-09,M,"Jones of Cheltenham, L.",Liberal Democrat,0.9893537230717947
266,0.9419050354038961,Hereford,1961-05-21,2868,1997-05-01,M,"Keetch, Mr Paul",Liberal Democrat,0.9736824034334763
227,0.9232629116314446,St Ives,1958-12-02,2868,1997-05-01,M,"George, Andrew",Liberal Democrat,0.972308926171587
60,0.9222922047741441,Romsey,1957-03-26,1769,2000-05-04,F,"Gidley, Sandra",Liberal Democrat,0.9863271007031776
1172,0.8772667279722958,Leicester South,1966-12-20,260,2004-07-15,M,"Gill, Parmjit Singh",Liberal Democrat,0.9628282534371134
1429,0.9293797060672202,Ludlow,1970-04-12,1394,2001-06-07,M,"Green, Matthew",Liberal Democrat,0.9700689038221919
59,0.9014430892133628,Portsmouth South,1946-04-09,3936,1984-06-14,M,"Hancock, Mr Mike",Liberal Democrat,0.9612146888757019
96,0.9270031700385867,Oxford West and Abingdon,1965-10-21,2868,1997-05-01,M,"Harris, Dr Evan",Liberal Democrat,0.9724018492381253
231,0.9247386319474562,North Devon,1961-08-03,4693,1992-04-09,M,"Harvey, Sir Nick",Liberal Democrat,0.9686695278969956
255,0.9113469896994809,Somerton and Frome,1954-03-16,2868,1997-05-01,M,"Heath, Mr David",Liberal Democrat,0.9774515541682922
151,0.9301711153006319,Carshalton and Wallington,1962-05-06,2868,1997-05-01,M,"Brake, Tom",Liberal Democrat,0.9869110096651904
226,0.9337593057634809,South East Cornwall,1947-05-04,2868,1997-05-01,M,"Breed, Mr Colin",Liberal Democrat,0.9692702596629825
1431,0.9177442734006622,Mid Dorset and North Poole,1947-06-07,1394,2001-06-07,F,"Brooke, Annette",Liberal Democrat,0.98427861614903
615,0.9346300941690626,Gordon,1944-11-17,7872,1983-06-09,M,"Bruce of Bennachie, L.",Liberal Democrat,0.9669929808948283
238,0.9095917696792337,Torridge and West Devon,1945-09-19,2868,1997-05-01,M,"Burnett, L.",Liberal Democrat,0.9536410900589691
204,0.9291967928505951,Sutton and Cheam,1962-05-13,2868,1997-05-01,M,"Burstow, Paul",Liberal Democrat,0.9844157212407536
207,0.9154285582765108,Twickenham,1943-05-09,2868,1997-05-01,M,"Cable, Sir Vince",Liberal Democrat,0.9836110981526404
1403,0.9118518394503667,Cheadle,1948-09-19,1394,2001-06-07,F,"Calton, Mrs Patsy",Liberal Democrat,0.9805917429450416
627,0.9222725520721126,North East Fife,1941-05-22,6433,1987-06-11,M,"Campbell of Pittenweem, L.",Liberal Democrat,0.9720515278841265
1442,0.923861068875057,Orkney and Shetland,1965-07-15,1394,2001-06-07,M,"Carmichael, Mr Alistair",Liberal Democrat,0.982617175319337
50,0.9337982992584531,Eastleigh,1942-07-09,3902,1994-06-09,M,"Chidgey, L.",Liberal Democrat,0.9816627671637935
634,0.9464379400731663,"Ross, Skye and Inverness West",1959-11-25,7872,1983-06-09,M,"Kennedy, Mr Charles",Liberal Democrat,0.9789526578962542
635,0.9203089477799871,Roxburgh and Berwickshire,1946-04-22,7872,1983-06-09,M,"Kirkwood of Kirkhope, L.",Liberal Democrat,0.958499665773313
1439,0.9126145193168951,North Norfolk,1957-09-16,1394,2001-06-07,M,"Lamb, Norman",Liberal Democrat,0.9653715834651004
1473,0.9199242121849766,Yeovil,1965-11-30,1394,2001-06-07,M,"Laws, Mr David",Liberal Democrat,0.9772339130047373
275,0.9059694160259154,Shrewsbury and Atcham,1968-03-18,2868,1997-05-01,M,"Marsden, Mr Paul",Liberal Democrat,0.9313165676359625
638,0.9295835513722202,"Tweeddale, Ettrick and Lauderdale",1965-06-03,2868,1997-05-01,M,"Moore, Michael",Liberal Democrat,0.972097543928622
1385,0.9386012945597076,Argyll and Bute,1954-08-07,1394,2001-06-07,M,"Reid, Mr Alan",Liberal Democrat,0.9756318550309966
9,0.9119035615208353,Newbury,1949-04-15,4301,1993-05-06,M,"Rendel, Mr David",Liberal Democrat,0.9822178401577543
35,0.8897180259901172,Colchester,1946-03-31,2868,1997-05-01,M,"Russell, Sir Bob",Liberal Democrat,0.9684116639290697
237,0.9178244277241008,Torbay,1959-04-25,2868,1997-05-01,M,"Sanders, Mr Adrian",Liberal Democrat,0.9813151604071539
639,0.9069879520773334,West Aberdeenshire and Kincardine,1958-04-15,2868,1997-05-01,M,"Smith, Sir Robert",Liberal Democrat,0.958981302109533
63,0.9393146103939739,Winchester,1964-03-08,2823,1997-05-01,M,"Oaten, Mr Mark",Liberal Democrat,0.9612769445917924
559,0.8976647211395764,Montgomeryshire,1965-03-02,2868,1997-05-01,M,"pik, Lembit",Liberal Democrat,0.9420681836585959
1454,0.915625600508,Southport,1948-06-28,1394,2001-06-07,M,"Pugh, John",Liberal Democrat,0.9776210913549969
